Datetime,Day_local,Time_local,Filename,Bin_num,Temp.C.,Press.hPa.,Bin_Mid,dNdLogDP,logbinsize,total_conc,total_area,total_volume,Bin_L,Bin_U,Location,Date,Time
2023-03-18T02:15:40Z,230318,12:15:40,230318B,1,31.3,1022.9,27.9437085,17.12280261258,0.0687846920507944,1277.8911335569692,65.18446149558369,1.8589096979786979,26.99899734237732,28.92147566929671,OW,2023-03-18,02:15:40
2023-03-18T02:15:40Z,230318,12:15:40,230318B,2,31.3,1022.9,29.933455499999997,16.122291017610003,0.06890540737115192,1277.8911335569692,65.18446149558369,1.8589096979786979,28.92147566929671,30.984585202093598,OW,2023-03-18,02:15:40
2023-03-18T02:15:40Z,230318,12:15:40,230318B,3,31.3,1022.9,32.072625900000006,152.21796408695,0.06915722275500613,1277.8911335569692,65.18446149558369,1.8589096979786979,30.984585202093598,33.20322640334165,OW,2023-03-18,02:15:40
2023-03-18T02:15:40Z,230318,12:15:40,230318B,4,31.3,1022.9,34.373682,384.89575263705007,0.06943069370649502,1277.8911335569692,65.18446149558369,1.8589096979786979,33.20322640334165,35.59046431759393,OW,2023-03-18,02:15:40
2023-03-18T02:15:40Z,230318,12:15:40,230318B,5,31.3,1022.9,36.85031910000001,422.69573918731993,0.06972778960005144,1277.8911335569692,65.18446149558369,1.8589096979786979,35.59046431759393,38.1606750086966,OW,2023-03-18,02:15:40
2023-03-18T02:15:40Z,230318,12:15:40,230318B,6,31.3,1022.9,39.5176257,384.45622054905,0.07005067408755083,1277.8911335569692,65.18446149558369,1.8589096979786979,38.1606750086966,40.92971017217706,OW,2023-03-18,02:15:40
2023-03-18T02:15:40Z,230318,12:15:40,230318B,7,31.3,1022.9,42.3922527,597.1559598298801,0.07040171503770187,1277.8911335569692,65.18446149558369,1.8589096979786979,40.92971017217706,43.91508682385943,OW,2023-03-18,02:15:40
2023-03-18T02:15:40Z,230318,12:15:40,230318B,8,31.3,1022.9,45.4926249,596.3002319706,0.07078351943285632,1277.8911335569692,65.18446149558369,1.8589096979786979,43.91508682385943,47.13620756895537,OW,2023-03-18,02:15:40
2023-03-18T02:15:40Z,230318,12:15:40,230318B,9,31.3,1022.9,48.8391705,587.7822673298901,0.07119890638397885,1277.8911335569692,65.18446149558369,1.8589096979786979,47.13620756895537,50.61461407334069,OW,2023-03-18,02:15:40
2023-03-18T02:15:40Z,230318,12:15:40,230318B,10,31.3,1022.9,52.4546001,726.8684381750401,0.0716509545752384,1277.8911335569692,65.18446149558369,1.8589096979786979,50.61461407334069,54.37428309423584,OW,2023-03-18,02:15:40
2023-03-18T02:15:40Z,230318,12:15:40,230318B,11,31.3,1022.9,56.3642208,946.90162860272,0.07214298727843182,1277.8911335569692,65.18446149558369,1.8589096979786979,54.37428309423584,58.44196976765739,OW,2023-03-18,02:15:40
2023-03-18T02:15:40Z,230318,12:15:40,230318B,12,31.3,1022.9,60.5963106,650.5516895435001,0.07267860659215764,1277.8911335569692,65.18446149558369,1.8589096979786979,58.44196976765739,62.84760946290539,OW,2023-03-18,02:15:40
2023-03-18T02:15:40Z,230318,12:15:40,230318B,13,31.3,1022.9,65.18254950000001,389.43803571600006,0.07326168501118602,1277.8911335569692,65.18446149558369,1.8589096979786979,62.84760946290539,67.62478674917527,OW,2023-03-18,02:15:40
2023-03-18T02:15:40Z,230318,12:15:40,230318B,14,31.3,1022.9,70.1585289,435.97042901090003,0.0738963529675738,1277.8911335569692,65.18446149558369,1.8589096979786979,67.62478674917527,72.81128352716911,OW,2023-03-18,02:15:40
2023-03-18T02:15:40Z,230318,12:15:40,230318B,15,31.3,1022.9,75.56434110000001,556.78379789835,0.07458699875563024,1277.8911335569692,65.18446149558369,1.8589096979786979,72.81128352716911,78.44972199519154,OW,2023-03-18,02:15:40
2023-03-18T02:15:40Z,230318,12:15:40,230318B,16,31.3,1022.9,81.4452795,394.23149579925,0.07533823497885805,1277.8911335569692,65.18446149558369,1.8589096979786979,78.44972199519154,84.58831786979975,OW,2023-03-18,02:15:40
2023-03-18T02:15:40Z,230318,12:15:40,230318B,17,31.3,1022.9,87.8526486,460.87138869148004,0.07615483839030457,1277.8911335569692,65.18446149558369,1.8589096979786979,84.58831786979975,91.2817620193487,OW,2023-03-18,02:15:40
2023-03-18T02:15:40Z,230318,12:15:40,230318B,18,31.3,1022.9,94.8447225,902.4994547712001,0.07704171218464229,1277.8911335569692,65.18446149558369,1.8589096979786979,91.2817620193487,98.59225620077802,OW,2023-03-18,02:15:40
2023-03-18T02:15:40Z,230318,12:15:40,230318B,19,31.3,1022.9,102.48786360000001,758.9830584945,0.07800375084170064,1277.8911335569692,65.18446149558369,1.8589096979786979,98.59225620077802,106.59072195224213,OW,2023-03-18,02:15:40
2023-03-18T02:15:40Z,230318,12:15:40,230318B,20,31.3,1022.9,110.8578285,752.3039490361201,0.07904572670385512,1277.8911335569692,65.18446149558369,1.8589096979786979,106.59072195224213,115.35821481963666,OW,2023-03-18,02:15:40
2023-03-18T02:15:40Z,230318,12:15:40,230318B,21,31.3,1022.9,120.0412989,580.4685553848,0.08017209058209662,1277.8911335569692,65.18446149558369,1.8589096979786979,115.35821481963666,124.9875695971312,OW,2023-03-18,02:15:40
2023-03-18T02:15:40Z,230318,12:15:40,230318B,22,31.3,1022.9,130.1376501,724.2876432509601,0.08138674348812724,1277.8911335569692,65.18446149558369,1.8589096979786979,124.9875695971312,135.58530950080066,OW,2023-03-18,02:15:40
2023-03-18T02:15:40Z,230318,12:15:40,230318B,23,31.3,1022.9,141.26101200000002,710.38815156519,0.08269273733616167,1277.8911335569692,65.18446149558369,1.8589096979786979,135.58530950080066,147.27384868971103,OW,2023-03-18,02:15:40
2023-03-18T02:15:40Z,230318,12:15:40,230318B,24,31.3,1022.9,153.5426244,789.5523184087599,0.0840919126440065,1277.8911335569692,65.18446149558369,1.8589096979786979,147.27384868971103,160.19401631631888,OW,2023-03-18,02:15:40
2023-03-18T02:15:40Z,230318,12:15:40,230318B,25,31.3,1022.9,167.1335433,749.5700838627199,0.08558449690046199,1277.8911335569692,65.18446149558369,1.8589096979786979,160.19401631631888,174.50792908685239,OW,2023-03-18,02:15:40
2023-03-18T02:15:40Z,230318,12:15:40,230318B,26,31.3,1022.9,182.2076928,703.2690269658,0.0871686476900786,1277.8911335569692,65.18446149558369,1.8589096979786979,174.50792908685239,190.4022286138394,OW,2023-03-18,02:15:40
2023-03-18T02:15:40Z,230318,12:15:40,230318B,27,31.3,1022.9,198.9653022,865.3099490393602,0.08887650769686672,1277.8911335569692,65.18446149558369,1.8589096979786979,190.4022286138394,208.09929277140805,OW,2023-03-18,02:15:40
2023-03-18T02:15:40Z,230318,12:15:40,230318B,28,31.3,1022.9,217.6526016,405.4706566642,0.0906306118123279,1277.8911335569692,65.18446149558369,1.8589096979786979,208.09929277140805,227.84052824285973,OW,2023-03-18,02:15:40
2023-03-18T02:15:40Z,230318,12:15:40,230318B,29,31.3,1022.9,238.50533339999998,451.25166166036,0.09241748595775068,1277.8911335569692,65.18446149558369,1.8589096979786979,227.84052824285973,249.90064844621438,OW,2023-03-18,02:15:40
2023-03-18T02:15:40Z,230318,12:15:40,230318B,30,31.3,1022.9,261.8404092,229.94348475381003,0.09334352063562346,1277.8911335569692,65.18446149558369,1.8589096979786979,249.90064844621438,274.35062820487065,OW,2023-03-18,02:15:40
2023-03-18T02:16:13Z,230318,12:16:13,230318B,1,31.2,1023.6,27.9279792,371.6365496780999,0.06878503678846348,1288.0466793066855,55.11717519445747,1.4769022886797876,26.983795161903785,28.9052009739835,OW,2023-03-18,02:16:13
2023-03-18T02:16:13Z,230318,12:16:13,230318B,2,31.2,1023.6,29.9166165,523.6073813869601,0.06890581973112075,1288.0466793066855,55.11717519445747,1.4769022886797876,28.9052009739835,30.967162323219444,OW,2023-03-18,02:16:13
2023-03-18T02:16:13Z,230318,12:16:13,230318B,3,31.2,1023.6,32.0545989,327.1706910408,0.0691577516502333,1288.0466793066855,55.11717519445747,1.4769022886797876,30.967162323219444,33.184573516019164,OW,2023-03-18,02:16:13
2023-03-18T02:16:13Z,230318,12:16:13,230318B,4,31.2,1023.6,34.3543815,302.65392722385,0.06943135063615724,1288.0466793066855,55.11717519445747,1.4769022886797876,33.184573516019164,35.57049369658539,OW,2023-03-18,02:16:13
2023-03-18T02:16:13Z,230318,12:16:13,230318B,5,31.2,1023.6,36.8296551,361.59175425724,0.06972858938971127,1288.0466793066855,55.11717519445747,1.4769022886797876,35.57049369658539,38.139292687266966,OW,2023-03-18,02:16:13
2023-03-18T02:16:13Z,230318,12:16:13,230318B,6,31.2,1023.6,39.4955001,298.72693431321,0.07005164021604404,1288.0466793066855,55.11717519445747,1.4769022886797876,38.139292687266966,40.90681581660697,OW,2023-03-18,02:16:13
2023-03-18T02:16:13Z,230318,12:16:13,230318B,7,31.2,1023.6,42.3685629,527.01506429292,0.07040286371038951,1288.0466793066855,55.11717519445747,1.4769022886797876,40.90681581660697,43.890572990232805,OW,2023-03-18,02:16:13
2023-03-18T02:16:13Z,230318,12:16:13,230318B,8,31.2,1023.6,45.467258400000006,532.4660587932,0.0707848561051283,1288.0466793066855,55.11717519445747,1.4769022886797876,43.890572990232805,47.10995864456365,OW,2023-03-18,02:16:13
2023-03-18T02:16:13Z,230318,12:16:13,230318B,9,31.2,1023.6,48.812008500000005,704.8647035169901,0.07120046258147061,1288.0466793066855,55.11717519445747,1.4769022886797876,47.10995864456365,50.586506837638794,OW,2023-03-18,02:16:13
2023-03-18T02:16:13Z,230318,12:16:13,230318B,10,31.2,1023.6,52.4255148,768.6915386410401,0.07165273658138327,1288.0466793066855,55.11717519445747,1.4769022886797876,50.586506837638794,54.34418488605063,OW,2023-03-18,02:16:13
2023-03-18T02:16:13Z,230318,12:16:13,230318B,11,31.2,1023.6,56.3330745,558.8350142452001,0.07214500879931052,1288.0466793066855,55.11717519445747,1.4769022886797876,54.34418488605063,58.409738018487126,OW,2023-03-18,02:16:13
2023-03-18T02:16:13Z,230318,12:16:13,230318B,12,31.2,1023.6,60.5629557,652.279816184,0.07268090233086966,1288.0466793066855,55.11717519445747,1.4769022886797876,58.409738018487126,62.81309213012569,OW,2023-03-18,02:16:13
2023-03-18T02:16:13Z,230318,12:16:13,230318B,13,31.2,1023.6,65.1468294,691.2603370815,0.07326427962799809,1288.0466793066855,55.11717519445747,1.4769022886797876,62.81309213012569,67.58782104653166,OW,2023-03-18,02:16:13
2023-03-18T02:16:13Z,230318,12:16:13,230318B,14,31.2,1023.6,70.1202744,537.8634708781601,0.07389926288196413,1288.0466793066855,55.11717519445747,1.4769022886797876,67.58782104653166,72.77169449153348,OW,2023-03-18,02:16:13
2023-03-18T02:16:13Z,230318,12:16:13,230318B,15,31.2,1023.6,75.5233713,691.5679132809701,0.07459024927045732,1288.0466793066855,55.11717519445747,1.4769022886797876,72.77169449153348,78.40732208499293,OW,2023-03-18,02:16:13
2023-03-18T02:16:13Z,230318,12:16:13,230318B,16,31.2,1023.6,81.4014,678.8820880957501,0.07534185735274335,1288.0466793066855,55.11717519445747,1.4769022886797876,78.40732208499293,84.54290646336545,OW,2023-03-18,02:16:13
2023-03-18T02:16:13Z,230318,12:16:13,230318B,17,31.2,1023.6,87.8056524,653.8475082909999,0.07615886022001117,1288.0466793066855,55.11717519445747,1.4769022886797876,84.54290646336545,91.23312414748104,OW,2023-03-18,02:16:13
2023-03-18T02:16:13Z,230318,12:16:13,230318B,18,31.2,1023.6,94.7943864,728.8887856536,0.07704615317631358,1288.0466793066855,55.11717519445747,1.4769022886797876,91.23312414748104,98.54016067648958,OW,2023-03-18,02:16:13
2023-03-18T02:16:13Z,230318,12:16:13,230318B,19,31.2,1023.6,102.4339482,478.015711677,0.07800864388564666,1288.0466793066855,55.11717519445747,1.4769022886797876,98.54016067648958,106.53492136804132,OW,2023-03-18,02:16:13
2023-03-18T02:16:13Z,230318,12:16:13,230318B,20,31.2,1023.6,110.8000782,669.8591987256,0.07905109502273344,1288.0466793066855,55.11717519445747,1.4769022886797876,106.53492136804132,115.2984433819989,OW,2023-03-18,02:16:13
2023-03-18T02:16:13Z,230318,12:16:13,230318B,21,31.2,1023.6,119.9794374,807.1134073784801,0.08017795675788264,1288.0466793066855,55.11717519445747,1.4769022886797876,115.2984433819989,124.9235416492679,OW,2023-03-18,02:16:13
2023-03-18T02:16:13Z,230318,12:16:13,230318B,22,31.2,1023.6,130.0713822,716.14123010417,0.08139312522612485,1288.0466793066855,55.11717519445747,1.4769022886797876,124.9235416492679,135.51671743018613,OW,2023-03-18,02:16:13
2023-03-18T02:16:13Z,230318,12:16:13,230318B,23,31.2,1023.6,141.1900173,1047.33461555779,0.08269964389888962,1288.0466793066855,55.11717519445747,1.4769022886797876,135.51671743018613,147.200360078464,OW,2023-03-18,02:16:13
2023-03-18T02:16:13Z,230318,12:16:13,230318B,24,31.2,1023.6,153.4665582,717.78886560535,0.08409934412431319,1288.0466793066855,55.11717519445747,1.4769022886797876,147.200360078464,160.1152705216567,OW,2023-03-18,02:16:13
2023-03-18T02:16:13Z,230318,12:16:13,230318B,25,31.2,1023.6,167.0520285,475.88453835807996,0.08559244526916387,1288.0466793066855,55.11717519445747,1.4769022886797876,160.1152705216567,174.42353344864546,OW,2023-03-18,02:16:13
2023-03-18T02:16:13Z,230318,12:16:13,230318B,26,31.2,1023.6,182.1203208,595.3443206434399,0.08717709709920296,1288.0466793066855,55.11717519445747,1.4769022886797876,174.42353344864546,190.31175417923262,OW,2023-03-18,02:16:13
2023-03-18T02:16:13Z,230318,12:16:13,230318B,27,31.2,1023.6,198.871623,535.9024714008,0.08888549940904245,1288.0466793066855,55.11717519445747,1.4769022886797876,190.31175417923262,208.00227941738999,OW,2023-03-18,02:16:13
2023-03-18T02:16:13Z,230318,12:16:13,230318B,28,31.2,1023.6,217.5521454,325.74598274223996,0.09064000315985155,1288.0466793066855,55.11717519445747,1.4769022886797876,208.00227941738999,227.7364505075749,OW,2023-03-18,02:16:13
2023-03-18T02:16:13Z,230318,12:16:13,230318B,29,31.2,1023.6,238.3975152,223.95899859026,0.09242711393196767,1288.0466793066855,55.11717519445747,1.4769022886797876,227.7364505075749,249.78889857989816,OW,2023-03-18,02:16:13
2023-03-18T02:16:13Z,230318,12:16:13,230318B,30,31.2,1023.6,261.72459810000004,204.00353214377003,0.09335328630491535,1288.0466793066855,55.11717519445747,1.4769022886797876,249.78889857989816,274.23062289814305,OW,2023-03-18,02:16:13
2023-03-18T02:16:46Z,230318,12:16:46,230318B,1,31.1,1023.9,27.954352800000002,154.10273221126,0.06876449027521536,1422.3542590313887,70.32643872532459,1.9856328222315136,27.009554602695253,28.932200177373097,OW,2023-03-18,02:16:46
2023-03-18T02:16:46Z,230318,12:16:46,230318B,2,31.1,1023.9,29.9442528,101.96050711855001,0.06888541334637743,1422.3542590313887,70.32643872532459,1.9856328222315136,28.932200177373097,30.995455011403983,OW,2023-03-18,02:16:46
2023-03-18T02:16:46Z,230318,12:16:46,230318B,3,31.1,1023.9,32.083560000000006,95.18522884495,0.06913762382187638,1422.3542590313887,70.32643872532459,1.9856328222315136,30.995455011403983,33.214223572105915,OW,2023-03-18,02:16:46
2023-03-18T02:16:46Z,230318,12:16:46,230318B,4,31.1,1023.9,34.3847331,344.5569246933,0.06941150606581248,1422.3542590313887,70.32643872532459,1.9856328222315136,33.214223572105915,35.601569041593535,OW,2023-03-18,02:16:46
2023-03-18T02:16:46Z,230318,12:16:46,230318B,5,31.1,1023.9,36.8614674,526.4271918109699,0.06970904576647552,1422.3542590313887,70.32643872532459,1.9856328222315136,35.601569041593535,38.17186618066482,OW,2023-03-18,02:16:46
2023-03-18T02:16:46Z,230318,12:16:46,230318B,6,31.1,1023.9,39.528848700000005,499.8315767717999,0.07003242243650565,1422.3542590313887,70.32643872532459,1.9856328222315136,38.17186618066482,40.94096615686123,OW,2023-03-18,02:16:46
2023-03-18T02:16:46Z,230318,12:16:46,230318B,7,31.1,1023.9,42.4035297,472.65498762912006,0.07038399931227168,1422.3542590313887,70.32643872532459,1.9856328222315136,40.94096615686123,43.92638561537411,OW,2023-03-18,02:16:46
2023-03-18T02:16:46Z,230318,12:16:46,230318B,8,31.1,1023.9,45.5039325,761.328816286,0.07076636247091317,1422.3542590313887,70.32643872532459,1.9856328222315136,43.92638561537411,47.14752619848661,OW,2023-03-18,02:16:46
2023-03-18T02:16:46Z,230318,12:16:46,230318B,9,31.1,1023.9,48.8504862,646.20368834209,0.07118234674623958,1422.3542590313887,70.32643872532459,1.9856328222315136,47.14752619848661,50.62592960475712,OW,2023-03-18,02:16:46
2023-03-18T02:16:46Z,230318,12:16:46,230318B,10,31.1,1023.9,52.465900500000004,840.09792297312,0.07163502855847481,1422.3542590313887,70.32643872532459,1.9856328222315136,50.62592960475712,54.38557299434394,OW,2023-03-18,02:16:46
2023-03-18T02:16:46Z,230318,12:16:46,230318B,11,31.1,1023.9,56.3754843,980.9695029575001,0.07212774530031796,1422.3542590313887,70.32643872532459,1.9856328222315136,54.38557299434394,58.453213304707866,OW,2023-03-18,02:16:46
2023-03-18T02:16:46Z,230318,12:16:46,230318B,12,31.1,1023.9,60.6075174,632.319155289,0.07266409079649083,1422.3542590313887,70.32643872532459,1.9856328222315136,58.453213304707866,62.858788140472655,OW,2023-03-18,02:16:46
2023-03-18T02:16:46Z,230318,12:16:46,230318B,13,31.1,1023.9,65.19368250000001,555.3326185740001,0.07324793596963364,1422.3542590313887,70.32643872532459,1.9856328222315136,62.858788140472655,67.63588520624585,OW,2023-03-18,02:16:46
2023-03-18T02:16:46Z,230318,12:16:46,230318B,14,31.1,1023.9,70.1695746,393.03301927512,0.07388342509076118,1422.3542590313887,70.32643872532459,1.9856328222315136,67.63588520624585,72.82229173896049,OW,2023-03-18,02:16:46
2023-03-18T02:16:46Z,230318,12:16:46,230318B,15,31.1,1023.9,75.5752932,764.80770371346,0.07457493120047776,1422.3542590313887,70.32643872532459,1.9856328222315136,72.82229173896049,78.46063583896154,OW,2023-03-18,02:16:46
2023-03-18T02:16:46Z,230318,12:16:46,230318B,16,31.1,1023.9,81.4561362,600.26850897075,0.07532706017151991,1422.3542590313887,70.32643872532459,1.9856328222315136,78.46063583896154,84.59914032427004,OW,2023-03-18,02:16:46
2023-03-18T02:16:46Z,230318,12:16:46,230318B,17,31.1,1023.9,87.863418,450.17190254431995,0.07614459789438666,1422.3542590313887,70.32643872532459,1.9856328222315136,84.59914032427004,91.29250596555255,OW,2023-03-18,02:16:46
2023-03-18T02:16:46Z,230318,12:16:46,230318B,18,31.1,1023.9,94.8554226,645.8741021304,0.07703243382008562,1422.3542590313887,70.32643872532459,1.9856328222315136,91.29250596555255,98.6029457204584,OW,2023-03-18,02:16:46
2023-03-18T02:16:46Z,230318,12:16:46,230318B,19,31.1,1023.9,102.498525,856.2615258169501,0.07799546563946436,1422.3542590313887,70.32643872532459,1.9856328222315136,98.6029457204584,106.60139545974738,OW,2023-03-18,02:16:46
2023-03-18T02:16:46Z,230318,12:16:46,230318B,20,31.1,1023.9,110.868498,790.01876558592,0.07903844027818696,1422.3542590313887,70.32643872532459,1.9856328222315136,106.60139545974738,115.36892563362427,OW,2023-03-18,02:16:46
2023-03-18T02:16:46Z,230318,12:16:46,230318B,21,31.1,1023.9,120.05203680000001,928.9041013588001,0.08016579172495142,1422.3542590313887,70.32643872532459,1.9856328222315136,115.36892563362427,124.99838713086386,OW,2023-03-18,02:16:46
2023-03-18T02:16:46Z,230318,12:16:46,230318B,22,31.1,1023.9,130.1485356,970.93158728484,0.08138140474380862,1422.3542590313887,70.32643872532459,1.9856328222315136,124.99838713086386,135.59632034099883,OW,2023-03-18,02:16:46
2023-03-18T02:16:46Z,230318,12:16:46,230318B,23,31.1,1023.9,141.2721396,1014.1049862823598,0.08268830558380014,1422.3542590313887,70.32643872532459,1.9856328222315136,135.59632034099883,147.28515601970378,OW,2023-03-18,02:16:46
2023-03-18T02:16:46Z,230318,12:16:46,230318B,24,31.1,1023.9,153.5541066,1000.31232122351,0.08408830362965602,1422.3542590313887,70.32643872532459,1.9856328222315136,147.28515601970378,160.20573743969214,OW,2023-03-18,02:16:46
2023-03-18T02:16:46Z,230318,12:16:46,230318B,25,31.1,1023.9,167.14550250000002,669.4809054267998,0.08558158332902721,1422.3542590313887,70.32643872532459,1.9856328222315136,160.20573743969214,174.52018905706882,OW,2023-03-18,02:16:46
2023-03-18T02:16:46Z,230318,12:16:46,230318B,26,31.1,1023.9,182.2202568,641.6059565227999,0.08716626675177075,1422.3542590313887,70.32643872532459,1.9856328222315136,174.52018905706882,190.41515186311807,OW,2023-03-18,02:16:46
2023-03-18T02:16:46Z,230318,12:16:46,230318B,27,31.1,1023.9,198.9785916,654.8287375220001,0.08887460851745832,1422.3542590313887,70.32643872532459,1.9856328222315136,190.41515186311807,208.11302193650678,OW,2023-03-18,02:16:46
2023-03-18T02:16:46Z,230318,12:16:46,230318B,28,31.1,1023.9,217.6667829,523.1697558078399,0.09062876400818087,1422.3542590313887,70.32643872532459,1.9856328222315136,208.11302193650678,227.8551387862892,OW,2023-03-18,02:16:46
2023-03-18T02:16:46Z,230318,12:16:46,230318B,29,31.1,1023.9,238.52038230000002,373.58888688966,0.09241521585124879,1422.3542590313887,70.32643872532459,1.9856328222315136,227.8551387862892,249.9161062841291,OW,2023-03-18,02:16:46
2023-03-18T02:16:46Z,230318,12:16:46,230318B,30,31.1,1023.9,261.8562807,347.92448505916,0.09334103925338866,1422.3542590313887,70.32643872532459,1.9856328222315136,249.9161062841291,274.36691760906984,OW,2023-03-18,02:16:46
2023-03-18T02:17:19Z,230318,12:17:19,230318B,1,31,1023.8,27.960736500000003,373.89521480457995,0.0687648536443608,1390.177106331166,56.49377844616246,1.4600979236716611,27.01571763875243,28.93881243787443,OW,2023-03-18,02:17:19
2023-03-18T02:17:19Z,230318,12:17:19,230318B,2,31,1023.8,29.9511018,218.09940031742002,0.06888583788643432,1390.177106331166,56.49377844616246,1.4600979236716611,28.93881243787443,31.00255197679596,OW,2023-03-18,02:17:19
2023-03-18T02:17:19Z,230318,12:17:19,230318B,3,31,1023.8,32.090913900000004,274.04852831,0.069138179915472,1390.177106331166,56.49377844616246,1.4600979236716611,31.00255197679596,33.22184703880927,OW,2023-03-18,02:17:19
2023-03-18T02:17:19Z,230318,12:17:19,230318B,4,31,1023.8,34.392635999999996,334.91259623775005,0.06941220381293789,1390.177106331166,56.49377844616246,1.4600979236716611,33.22184703880927,35.60976530835866,OW,2023-03-18,02:17:19
2023-03-18T02:17:19Z,230318,12:17:19,230318B,5,31,1023.8,36.8699679,455.37044622888993,0.06970990303732405,1390.177106331166,56.49377844616246,1.4600979236716611,35.60976530835866,38.18068691772249,OW,2023-03-18,02:17:19
2023-03-18T02:17:19Z,230318,12:17:19,230318B,6,31,1023.8,39.5380017,409.55596044675,0.07003345116332893,1390.177106331166,56.49377844616246,1.4600979236716611,38.18068691772249,40.95046890307574,OW,2023-03-18,02:17:19
2023-03-18T02:17:19Z,230318,12:17:19,230318B,7,31,1023.8,42.41339550000001,669.67800848928,0.07038519294196943,1390.177106331166,56.49377844616246,1.4600979236716611,40.95046890307574,43.93663374685845,OW,2023-03-18,02:17:19
2023-03-18T02:17:19Z,230318,12:17:19,230318B,8,31,1023.8,45.514577700000004,652.9791641418499,0.07076775641415578,1390.177106331166,56.49377844616246,1.4600979236716611,43.93663374685845,47.15859156617576,OW,2023-03-18,02:17:19
2023-03-18T02:17:19Z,230318,12:17:19,230318B,9,31,1023.8,48.8619882,803.3940692756,0.0711839704250039,1390.177106331166,56.49377844616246,1.4600979236716611,47.15859156617576,50.637893561769836,OW,2023-03-18,02:17:19
2023-03-18T02:17:19Z,230318,12:17:19,230318B,10,31,1023.8,52.4783448,1119.1958458640402,0.07163688278655744,1390.177106331166,56.49377844616246,1.4600979236716611,50.637893561769836,54.39852630023621,OW,2023-03-18,02:17:19
2023-03-18T02:17:19Z,230318,12:17:19,230318B,11,31,1023.8,56.388967199999996,763.0658944720001,0.07212984852434001,1390.177106331166,56.49377844616246,1.4600979236716611,54.39852630023621,58.46725839209285,OW,2023-03-18,02:17:19
2023-03-18T02:17:19Z,230318,12:17:19,230318B,12,31,1023.8,60.62214779999999,704.0420954865001,0.07266647632530976,1390.177106331166,56.49377844616246,1.4600979236716611,58.46725839209285,62.87404178321716,OW,2023-03-18,02:17:19
2023-03-18T02:17:19Z,230318,12:17:19,230318B,13,31,1023.8,65.2095855,710.835878655,0.0732506242251425,1390.177106331166,56.49377844616246,1.4600979236716611,62.87404178321716,67.65247995129111,OW,2023-03-18,02:17:19
2023-03-18T02:17:19Z,230318,12:17:19,230318B,14,31,1023.8,70.1868906,618.1915170895801,0.07388643237568715,1390.177106331166,56.49377844616246,1.4600979236716611,67.65247995129111,72.84037804180761,OW,2023-03-18,02:17:19
2023-03-18T02:17:19Z,230318,12:17:19,230318B,15,31,1023.8,75.59418330000001,516.47654257397,0.07457829643001279,1390.177106331166,56.49377844616246,1.4600979236716611,72.84037804180761,78.48038659728964,OW,2023-03-18,02:17:19
2023-03-18T02:17:19Z,230318,12:17:19,230318B,16,31,1023.8,81.4767858,561.90528930775,0.075330804660803,1390.177106331166,56.49377844616246,1.4600979236716611,78.48038659728964,84.62075317848232,OW,2023-03-18,02:17:19
2023-03-18T02:17:19Z,230318,12:17:19,230318B,17,31,1023.8,87.8860377,526.09195210468,0.07614875158751389,1390.177106331166,56.49377844616246,1.4600979236716611,84.62075317848232,91.31620809727535,OW,2023-03-18,02:17:19
2023-03-18T02:17:19Z,230318,12:17:19,230318B,18,31,1023.8,94.8802572,818.7125053536,0.07703702787487199,1390.177106331166,56.49377844616246,1.4600979236716611,91.31620809727535,98.62899895629963,OW,2023-03-18,02:17:19
2023-03-18T02:17:19Z,230318,12:17:19,230318B,19,31,1023.8,102.5258544,843.000298326,0.07800051230920158,1390.177106331166,56.49377844616246,1.4600979236716611,98.62899895629963,106.63010020117103,OW,2023-03-18,02:17:19
2023-03-18T02:17:19Z,230318,12:17:19,230318B,20,31,1023.8,110.8986444,844.4653109427601,0.07904397374600247,1390.177106331166,56.49377844616246,1.4600979236716611,106.63010020117103,115.40062978690788,OW,2023-03-18,02:17:19
2023-03-18T02:17:19Z,230318,12:17:19,230318B,21,31,1023.8,120.0853755,948.5115204163201,0.08017184097389762,1390.177106331166,56.49377844616246,1.4600979236716611,115.40062978690788,125.03349388108997,OW,2023-03-18,02:17:19
2023-03-18T02:17:19Z,230318,12:17:19,230318B,22,31,1023.8,130.1854995,848.50080690943,0.08138798178404105,1390.177106331166,56.49377844616246,1.4600979236716611,125.03349388108997,135.63529567744666,OW,2023-03-18,02:17:19
2023-03-18T02:17:19Z,230318,12:17:19,230318B,23,31,1023.8,141.31323,863.99633063093,0.082695421554428,1390.177106331166,56.49377844616246,1.4600979236716611,135.63529567744666,147.32853953640458,OW,2023-03-18,02:17:19
2023-03-18T02:17:19Z,230318,12:17:19,230318B,24,31,1023.8,153.599904,964.00609652093,0.08409595897290068,1390.177106331166,56.49377844616246,1.4600979236716611,147.32853953640458,160.2541535686326,OW,2023-03-18,02:17:19
2023-03-18T02:17:19Z,230318,12:17:19,230318B,25,31,1023.8,167.1966783,480.54772170471995,0.08558976827959253,1390.177106331166,56.49377844616246,1.4600979236716611,160.2541535686326,174.5743600646353,OW,2023-03-18,02:17:19
2023-03-18T02:17:19Z,230318,12:17:19,230318B,26,31,1023.8,182.2775877,550.85966378896,0.08717496092730936,1390.177106331166,56.49377844616246,1.4600979236716611,174.5743600646353,190.47591268557724,OW,2023-03-18,02:17:19
2023-03-18T02:17:19Z,230318,12:17:19,230318B,27,31,1023.8,199.04297490000002,509.4167960692001,0.08888380438365662,1390.177106331166,56.49377844616246,1.4600979236716611,190.47591268557724,208.18134448764715,OW,2023-03-18,02:17:19
2023-03-18T02:17:19Z,230318,12:17:19,230318B,28,31,1023.8,217.73927070000002,372.44170723753996,0.0906383654456544,1390.177106331166,56.49377844616246,1.4600979236716611,208.18134448764715,227.93213104949447,OW,2023-03-18,02:17:19
2023-03-18T02:17:19Z,230318,12:17:19,230318B,29,31,1023.8,238.60214190000002,203.5618179385,0.09242511069428438,1390.177106331166,56.49377844616246,1.4600979236716611,227.93213104949447,250.00302667786414,OW,2023-03-18,02:17:19
2023-03-18T02:17:19Z,230318,12:17:19,230318B,30,31,1023.8,261.94866840000003,118.50016174276001,0.09335107585605229,1390.177106331166,56.49377844616246,1.4600979236716611,250.00302667786414,274.46509663640285,OW,2023-03-18,02:17:19
2023-03-18T02:17:52Z,230318,12:17:52,230318B,1,30.9,1023.7,27.9670653,122.65480067973999,0.0687610813022701,1451.6326338141798,71.8429422225329,2.028372132750622,27.021883505388647,28.945308025567062,OW,2023-03-18,02:17:52
2023-03-18T02:17:52Z,230318,12:17:52,230318B,2,30.9,1023.7,29.9577681,354.3398967939901,0.06888209857906347,1451.6326338141798,71.8429422225329,2.028372132750622,28.945308025567062,31.009394836295883,OW,2023-03-18,02:17:52
2023-03-18T02:17:52Z,230318,12:17:52,230318B,3,30.9,1023.7,32.0979375,363.97176404985,0.06913452492406957,1451.6326338141798,71.8429422225329,2.028372132750622,31.009394836295883,33.229058287269254,OW,2023-03-18,02:17:52
2023-03-18T02:17:52Z,230318,12:17:52,230318B,4,30.9,1023.7,34.4000394,471.51621522690004,0.0694086505886018,1451.6326338141798,71.8429422225329,2.028372132750622,33.229058287269254,35.61736832985209,OW,2023-03-18,02:17:52
2023-03-18T02:17:52Z,230318,12:17:52,230318B,5,30.9,1023.7,36.877775400000004,408.73905525093994,0.0697064590102765,1451.6326338141798,71.8429422225329,2.028372132750622,35.61736832985209,38.18870733211362,OW,2023-03-18,02:17:52
2023-03-18T02:17:52Z,230318,12:17:52,230318B,6,30.9,1023.7,39.5462403,434.57699852813994,0.0700301278644413,1451.6326338141798,71.8429422225329,2.028372132750622,38.18870733211362,40.95893503186825,OW,2023-03-18,02:17:52
2023-03-18T02:17:52Z,230318,12:17:52,230318B,7,30.9,1023.7,42.4220949,391.95153127368,0.07038200286926655,1451.6326338141798,71.8429422225329,2.028372132750622,40.95893503186825,43.945577047665296,OW,2023-03-18,02:17:52
2023-03-18T02:17:52Z,230318,12:17:52,230318B,8,30.9,1023.7,45.523771200000006,502.24712628134995,0.07076470282579095,1451.6326338141798,71.8429422225329,2.028372132750622,43.945577047665296,47.16804666440556,OW,2023-03-18,02:17:52
2023-03-18T02:17:52Z,230318,12:17:52,230318B,9,30.9,1023.7,48.8717118,826.9954028616502,0.07118106491983367,1451.6326338141798,71.8429422225329,2.028372132750622,47.16804666440556,50.647899087393355,OW,2023-03-18,02:17:52
2023-03-18T02:17:52Z,230318,12:17:52,230318B,10,30.9,1023.7,52.4886399,725.6856067714401,0.07163414361504739,1451.6326338141798,71.8429422225329,2.028372132750622,50.647899087393355,54.4091258519802,OW,2023-03-18,02:17:52
2023-03-18T02:17:52Z,230318,12:17:52,230318B,11,30.9,1023.7,56.3998797,576.98471531246,0.07212727953594289,1451.6326338141798,71.8429422225329,2.028372132750622,54.4091258519802,58.47850050541995,OW,2023-03-18,02:17:52
2023-03-18T02:17:52Z,230318,12:17:52,230318B,12,30.9,1023.7,60.63372900000001,885.8549976170001,0.07266408462797624,1451.6326338141798,71.8429422225329,2.028372132750622,58.47850050541995,62.88598083061914,OW,2023-03-18,02:17:52
2023-03-18T02:17:52Z,230318,12:17:52,230318B,13,30.9,1023.7,65.22189300000001,737.51237258850006,0.07324843021422822,1451.6326338141798,71.8429422225329,2.028372132750622,62.88598083061914,67.66517791008137,OW,2023-03-18,02:17:52
2023-03-18T02:17:52Z,230318,12:17:52,230318B,14,30.9,1023.7,70.199991,731.8892289455601,0.07388444605965017,1451.6326338141798,71.8429422225329,2.028372132750622,67.66517791008137,72.85390502647505,OW,2023-03-18,02:17:52
2023-03-18T02:17:52Z,230318,12:17:52,230318B,15,30.9,1023.7,75.6081504,544.5060602677299,0.07457652164114226,1451.6326338141798,71.8429422225329,2.028372132750622,72.85390502647505,78.49482166045038,OW,2023-03-18,02:17:52
2023-03-18T02:17:52Z,230318,12:17:52,230318B,16,30.9,1023.7,81.4917042,707.60597824175,0.07532926661612471,1451.6326338141798,71.8429422225329,2.028372132750622,78.49482166045038,84.63618747789135,OW,2023-03-18,02:17:52
2023-03-18T02:17:52Z,230318,12:17:52,230318B,17,30.9,1023.7,87.9020055,548.5670048168399,0.07614746242984616,1451.6326338141798,71.8429422225329,2.028372132750622,84.63618747789135,91.33274586365954,OW,2023-03-18,02:17:52
2023-03-18T02:17:52Z,230318,12:17:52,230318B,18,30.9,1023.7,94.89738510000001,473.83744224960003,0.07703598602047101,1451.6326338141798,71.8429422225329,2.028372132750622,91.33274586365954,98.64675832561636,OW,2023-03-18,02:17:52
2023-03-18T02:17:52Z,230318,12:17:52,230318B,19,30.9,1023.7,102.54426839999999,577.8962348236499,0.07799973354499468,1451.6326338141798,71.8429422225329,2.028372132750622,98.64675832561636,106.64921721295397,OW,2023-03-18,02:17:52
2023-03-18T02:17:52Z,230318,12:17:52,230318B,20,30.9,1023.7,110.9184912,845.56570605156,0.07904346357100867,1451.6326338141798,71.8429422225329,2.028372132750622,106.64921721295397,115.42126032440007,OW,2023-03-18,02:17:52
2023-03-18T02:17:52Z,230318,12:17:52,230318B,21,30.9,1023.7,120.1068207,934.6778563872,0.08017159851160383,1451.6326338141798,71.8429422225329,2.028372132750622,115.42126032440007,125.05581619499931,OW,2023-03-18,02:17:52
2023-03-18T02:17:52Z,230318,12:17:52,230318B,22,30.9,1023.7,130.2087348,985.42990682262,0.08138800996896745,1451.6326338141798,71.8429422225329,2.028372132750622,125.05581619499931,135.65951456172755,OW,2023-03-18,02:17:52
2023-03-18T02:17:52Z,230318,12:17:52,230318B,23,30.9,1023.7,141.33847409999998,1117.67317667964,0.08269570774851598,1451.6326338141798,71.8429422225329,2.028372132750622,135.65951456172755,147.35488852511435,OW,2023-03-18,02:17:52
2023-03-18T02:17:52Z,230318,12:17:52,230318B,24,30.9,1023.7,153.6274062,930.3584406896199,0.08409648759165567,1451.6326338141798,71.8429422225329,2.028372132750622,147.35488852511435,160.2828989687168,OW,2023-03-18,02:17:52
2023-03-18T02:17:52Z,230318,12:17:52,230318B,25,30.9,1023.7,167.226723,773.36814483832,0.08559051545358365,1451.6326338141798,71.8429422225329,2.028372132750622,160.2828989687168,174.60580459576366,OW,2023-03-18,02:17:52
2023-03-18T02:17:52Z,230318,12:17:52,230318B,26,30.9,1023.7,182.3104971,688.37751138026,0.0871758864997716,1451.6326338141798,71.8429422225329,2.028372132750622,174.60580459576366,190.51039775344017,OW,2023-03-18,02:17:52
2023-03-18T02:17:52Z,230318,12:17:52,230318B,27,30.9,1023.7,199.07911080000002,687.4372429440801,0.0888848895497123,1451.6326338141798,71.8429422225329,2.028372132750622,190.51039775344017,208.21926102087704,OW,2023-03-18,02:17:52
2023-03-18T02:17:52Z,230318,12:17:52,230318B,28,30.9,1023.7,217.77905520000002,540.91743037732,0.09063952533063002,1451.6326338141798,71.8429422225329,2.028372132750622,208.21926102087704,227.9739092609517,OW,2023-03-18,02:17:52
2023-03-18T02:17:52Z,230318,12:17:52,230318B,29,30.9,1023.7,238.64601330000002,452.98478548772,0.09242624377146047,1451.6326338141798,71.8429422225329,2.028372132750622,227.9739092609517,250.04913364001916,OW,2023-03-18,02:17:52
2023-03-18T02:17:52Z,230318,12:17:52,230318B,30,30.9,1023.7,261.9971244,276.49782300163,0.09335219003281825,1451.6326338141798,71.8429422225329,2.028372132750622,250.04913364001916,274.51602089007673,OW,2023-03-18,02:17:52
2023-03-18T02:18:25Z,230318,12:18:25,230318B,1,30.9,1023.8,27.9481905,230.28323945521998,0.0687567159739162,1435.628917608735,57.42451785447763,1.494107022651775,27.003705542712748,28.92570988040118,OW,2023-03-18,02:18:25
2023-03-18T02:18:25Z,230318,12:18:25,230318B,2,30.9,1023.8,29.9374191,125.21294607529,0.06887766070282186,1435.628917608735,57.42451785447763,1.494107022651775,28.92570988040118,30.988261627125052,OW,2023-03-18,02:18:25
2023-03-18T02:18:25Z,230318,12:18:25,230318B,3,30.9,1023.8,32.0759901,389.75175746985,0.06912991335071572,1435.628917608735,57.42451785447763,1.494107022651775,30.988261627125052,33.20625922205747,OW,2023-03-18,02:18:25
2023-03-18T02:18:25Z,230318,12:18:25,230318B,4,30.9,1023.8,34.3763559,606.0452538553501,0.06940383243299708,1435.628917608735,57.42451785447763,1.494107022651775,33.20625922205747,35.592759109532615,OW,2023-03-18,02:18:25
2023-03-18T02:18:25Z,230318,12:18:25,230318B,5,30.9,1023.8,36.8522046,533.89427694287,0.06970139965577582,1435.628917608735,57.42451785447763,1.494107022651775,35.592759109532615,38.1621284122257,OW,2023-03-18,02:18:25
2023-03-18T02:18:25Z,230318,12:18:25,230318B,6,30.9,1023.8,39.5186139,470.5563093223199,0.07002480490810692,1435.628917608735,57.42451785447763,1.494107022651775,38.1621284122257,40.930210193696965,OW,2023-03-18,02:18:25
2023-03-18T02:18:25Z,230318,12:18:25,230318B,7,30.9,1023.8,42.3922284,556.24224576312,0.07037642176368442,1435.628917608735,57.42451785447763,1.494107022651775,40.930210193696965,43.914512560657414,OW,2023-03-18,02:18:25
2023-03-18T02:18:25Z,230318,12:18:25,230318B,8,30.9,1023.8,45.491461199999996,817.58398315635,0.07075881727809596,1435.628917608735,57.42451785447763,1.494107022651775,43.914512560657414,47.13442684792547,OW,2023-03-18,02:18:25
2023-03-18T02:18:25Z,230318,12:18:25,230318B,9,30.9,1023.8,48.8367297,861.8300131771701,0.07117483186732931,1435.628917608735,57.42451785447763,1.494107022651775,47.13442684792547,50.611483482708984,OW,2023-03-18,02:18:25
2023-03-18T02:18:25Z,230318,12:18:25,230318B,10,30.9,1023.8,52.450732800000004,934.2515716044,0.07162754327259346,1435.628917608735,57.42451785447763,1.494107022651775,50.611483482708984,54.36964708321172,OW,2023-03-18,02:18:25
2023-03-18T02:18:25Z,230318,12:18:25,230318B,11,30.9,1023.8,56.358765,920.47603126248,0.07212028288794814,1435.628917608735,57.42451785447763,1.494107022651775,54.36964708321172,58.4356601800968,OW,2023-03-18,02:18:25
2023-03-18T02:18:25Z,230318,12:18:25,230318B,12,30.9,1023.8,60.589091700000004,762.2124129385,0.07265666003079208,1435.628917608735,57.42451785447763,1.494107022651775,58.4356601800968,62.839445103099784,OW,2023-03-18,02:18:25
2023-03-18T02:18:25Z,230318,12:18:25,230318B,13,30.9,1023.8,65.1733794,717.5807159415001,0.07324052678735082,1435.628917608735,57.42451785447763,1.494107022651775,62.839445103099784,67.6145711800629,OW,2023-03-18,02:18:25
2023-03-18T02:18:25Z,230318,12:18:25,230318B,14,30.9,1023.8,70.14720240000001,825.11718926448,0.07387602360771872,1435.628917608735,57.42451785447763,1.494107022651775,67.6145711800629,72.79880450476816,OW,2023-03-18,02:18:25
2023-03-18T02:18:25Z,230318,12:18:25,230318B,15,30.9,1023.8,75.5506386,429.90123052349,0.07456753339576583,1435.628917608735,57.42451785447763,1.494107022651775,72.79880450476816,78.4347498333443,OW,2023-03-18,02:18:25
2023-03-18T02:18:25Z,230318,12:18:25,230318B,16,30.9,1023.8,81.4289607,372.46615971200004,0.07531965758929626,1435.628917608735,57.42451785447763,1.494107022651775,78.4347498333443,84.57060303876251,OW,2023-03-18,02:18:25
2023-03-18T02:18:25Z,230318,12:18:25,230318B,17,30.9,1023.8,87.8334543,693.42309070224,0.07613718981887718,1435.628917608735,57.42451785447763,1.494107022651775,84.57060303876251,91.26103477879404,OW,2023-03-18,02:18:25
2023-03-18T02:18:25Z,230318,12:18:25,230318B,18,30.9,1023.8,94.82237190000001,678.8086514352,0.07702500502872223,1435.628917608735,57.42451785447763,1.494107022651775,91.26103477879404,98.56822216663772,OW,2023-03-18,02:18:25
2023-03-18T02:18:25Z,230318,12:18:25,230318B,19,30.9,1023.8,102.46204800000001,964.35220963485,0.0779879841790212,1435.628917608735,57.42451785447763,1.494107022651775,98.56822216663772,106.5630579588586,OW,2023-03-18,02:18:25
2023-03-18T02:18:25Z,230318,12:18:25,230318B,20,30.9,1023.8,110.8282095,1166.51964798252,0.0790308958642516,1435.628917608735,57.42451785447763,1.494107022651775,106.5630579588586,115.3265649549595,OW,2023-03-18,02:18:25
2023-03-18T02:18:25Z,230318,12:18:25,230318B,21,30.9,1023.8,120.0075021,1081.5749891092,0.08015817057221675,1435.628917608735,57.42451785447763,1.494107022651775,115.3265649549595,124.95153846849061,OW,2023-03-18,02:18:25
2023-03-18T02:18:25Z,230318,12:18:25,230318B,22,30.9,1023.8,130.0992579,627.22097503533,0.0813736757502399,1435.628917608735,57.42451785447763,1.494107022651775,124.95153846849061,135.54445200916956,OW,2023-03-18,02:18:25
2023-03-18T02:18:25Z,230318,12:18:25,230318B,23,30.9,1023.8,141.2175501,675.2872127603699,0.08268043584348117,1435.628917608735,57.42451785447763,1.494107022651775,135.54445200916956,147.22765782409707,OW,2023-03-18,02:18:25
2023-03-18T02:18:25Z,230318,12:18:25,230318B,24,30.9,1023.8,153.49355100000002,994.7787597091699,0.08408025783358397,1435.628917608735,57.42451785447763,1.494107022651775,147.22765782409707,160.14190674403955,OW,2023-03-18,02:18:25
2023-03-18T02:18:25Z,230318,12:18:25,230318B,25,30.9,1023.8,167.0782266,574.0837352271199,0.08557332895672243,1435.628917608735,57.42451785447763,1.494107022651775,160.14190674403955,174.4492150865645,OW,2023-03-18,02:18:25
2023-03-18T02:18:25Z,230318,12:18:25,230318B,26,30.9,1023.8,182.1453894,392.67182603363995,0.08715776306337819,1435.628917608735,57.42451785447763,1.494107022651775,174.4492150865645,190.3360951543054,OW,2023-03-18,02:18:25
2023-03-18T02:18:25Z,230318,12:18:25,230318B,27,30.9,1023.8,198.8951202,592.0681206366401,0.08886585324338903,1435.628917608735,57.42451785447763,1.494107022651775,190.3360951543054,208.02479609034532,OW,2023-03-18,02:18:25
2023-03-18T02:18:25Z,230318,12:18:25,230318B,28,30.9,1023.8,217.573542,291.91452046612,0.09061967191014642,1435.628917608735,57.42451785447763,1.494107022651775,208.02479609034532,227.75647282419317,OW,2023-03-18,02:18:25
2023-03-18T02:18:25Z,230318,12:18:25,230318B,29,30.9,1023.8,238.41598770000002,253.01495030028002,0.09240569892408157,1435.628917608735,57.42451785447763,1.494107022651775,227.75647282419317,249.80551007715246,OW,2023-03-18,02:18:25
2023-03-18T02:18:25Z,230318,12:18:25,230318B,30,30.9,1023.8,261.7391286,170.02835639223002,0.09333131992114474,1435.628917608735,57.42451785447763,1.494107022651775,249.80551007715246,274.2428356329243,OW,2023-03-18,02:18:25
2023-03-18T02:18:57Z,230318,12:18:57,230318B,1,30.9,1023.9,27.9469278,116.39539551947999,0.06875989853132003,1356.6226324648308,68.38170314430111,1.9687155157173375,27.002442546122666,28.924449042872332,OW,2023-03-18,02:18:57
2023-03-18T02:18:57Z,230318,12:18:57,230318B,2,30.9,1023.9,29.9361618,190.77766133417,0.06888084848726894,1356.6226324648308,68.38170314430111,1.9687155157173375,28.924449042872332,30.987009665151717,OW,2023-03-18,02:18:57
2023-03-18T02:18:57Z,230318,12:18:57,230318B,3,30.9,1023.9,32.074745400000005,193.4663518683,0.06913312243558156,1356.6226324648308,68.38170314430111,1.9687155157173375,30.987009665151717,33.205024207959696,OW,2023-03-18,02:18:57
2023-03-18T02:18:57Z,230318,12:18:57,230318B,4,30.9,1023.9,34.3751328,277.92004451820003,0.06940707983986405,1356.6226324648308,68.38170314430111,1.9687155157173375,33.205024207959696,35.591550916293976,OW,2023-03-18,02:18:57
2023-03-18T02:18:57Z,230318,12:18:57,230318B,5,30.9,1023.9,36.851013900000005,352.77047078546997,0.06970470529252593,1356.6226324648308,68.38170314430111,1.9687155157173375,35.591550916293976,38.16095914802091,OW,2023-03-18,02:18:57
2023-03-18T02:18:57Z,230318,12:18:57,230318B,6,30.9,1023.9,39.5174691,546.07789655094,0.07002815820191266,1356.6226324648308,68.38170314430111,1.9687155157173375,38.16095914802091,40.92909336420954,OW,2023-03-18,02:18:57
2023-03-18T02:18:57Z,230318,12:18:57,230318B,7,30.9,1023.9,42.391143,734.87469449952,0.07037982716219116,1356.6226324648308,68.38170314430111,1.9687155157173375,40.92909336420954,43.91346384351851,OW,2023-03-18,02:18:57
2023-03-18T02:18:57Z,230318,12:18:57,230318B,8,30.9,1023.9,45.4904532,849.2248831080999,0.07076229428110237,1356.6226324648308,68.38170314430111,1.9687155157173375,43.91346384351851,47.13346511931968,OW,2023-03-18,02:18:57
2023-03-18T02:18:57Z,230318,12:18:57,230318B,9,30.9,1023.9,48.8358189,620.15119082895,0.07117837815233852,1356.6226324648308,68.38170314430111,1.9687155157173375,47.13346511931968,50.610630287806096,OW,2023-03-18,02:18:57
2023-03-18T02:18:57Z,230318,12:18:57,230318B,10,30.9,1023.9,52.44994260000001,507.93246136304003,0.07163118326847817,1356.6226324648308,68.38170314430111,1.9687155157173375,50.610630287806096,54.3689284365038,OW,2023-03-18,02:18:57
2023-03-18T02:18:57Z,230318,12:18:57,230318B,11,30.9,1023.9,56.3581242,630.80788460214,0.07212401304875637,1356.6226324648308,68.38170314430111,1.9687155157173375,54.3689284365038,58.43510576160668,OW,2023-03-18,02:18:57
2023-03-18T02:18:57Z,230318,12:18:57,230318B,12,30.9,1023.9,60.5886309,696.210072648,0.072660480809013,1356.6226324648308,68.38170314430111,1.9687155157173375,58.43510576160668,62.83908899669819,OW,2023-03-18,02:18:57
2023-03-18T02:18:57Z,230318,12:18:57,230318B,13,30.9,1023.9,65.1731364,508.6846103970001,0.0732444705982731,1356.6226324648308,68.38170314430111,1.9687155157173375,62.83908899669819,67.61445467148063,OW,2023-03-18,02:18:57
2023-03-18T02:18:57Z,230318,12:18:57,230318B,14,30.9,1023.9,70.1472222,739.59674738712,0.07388009168431964,1356.6226324648308,68.38170314430111,1.9687155157173375,67.61445467148063,72.79897521429193,OW,2023-03-18,02:18:57
2023-03-18T02:18:57Z,230318,12:18:57,230318B,15,30.9,1023.9,75.55097160000001,580.03454373799,0.07457173590857824,1356.6226324648308,68.38170314430111,1.9687155157173375,72.79897521429193,78.43526338338214,OW,2023-03-18,02:18:57
2023-03-18T02:18:57Z,230318,12:18:57,230318B,16,30.9,1023.9,81.4296681,635.3384463647501,0.07532402184352005,1356.6226324648308,68.38170314430111,1.9687155157173375,78.43526338338214,84.57152585401644,OW,2023-03-18,02:18:57
2023-03-18T02:18:57Z,230318,12:18:57,230318B,17,30.9,1023.9,87.8346081,706.58213792988,0.07614171583789542,1356.6226324648308,68.38170314430111,1.9687155157173375,84.57152585401644,91.26244365314375,OW,2023-03-18,02:18:57
2023-03-18T02:18:57Z,230318,12:18:57,230318B,18,30.9,1023.9,94.824054,609.3290143512,0.07702971076278775,1356.6226324648308,68.38170314430111,1.9687155157173375,91.26244365314375,98.57020769235778,OW,2023-03-18,02:18:57
2023-03-18T02:18:57Z,230318,12:18:57,230318B,19,30.9,1023.9,102.4643583,783.2460928297501,0.07799289917320706,1356.6226324648308,68.38170314430111,1.9687155157173375,98.57020769235778,106.56572829855877,OW,2023-03-18,02:18:57
2023-03-18T02:18:57Z,230318,12:18:57,230318B,20,30.9,1023.9,110.831265,850.9221911268,0.0790360270161905,1356.6226324648308,68.38170314430111,1.9687155157173375,106.56572829855877,115.33004667188466,OW,2023-03-18,02:18:57
2023-03-18T02:18:57Z,230318,12:18:57,230318B,21,30.9,1023.9,120.0114396,605.5025020660801,0.08016353400442977,1356.6226324648308,68.38170314430111,1.9687155157173375,115.33004667188466,124.95598095516412,OW,2023-03-18,02:18:57
2023-03-18T02:18:57Z,230318,12:18:57,230318B,22,30.9,1023.9,130.10424030000001,736.5090778164199,0.08137929271443056,1356.6226324648308,68.38170314430111,1.9687155157173375,124.95598095516412,135.5500324904127,OW,2023-03-18,02:18:57
2023-03-18T02:18:57Z,230318,12:18:57,230318B,23,30.9,1023.9,141.22377,697.97557686325,0.08268632107758211,1356.6226324648308,68.38170314430111,1.9687155157173375,135.5500324904127,147.23458582039103,OW,2023-03-18,02:18:57
2023-03-18T02:18:57Z,230318,12:18:57,230318B,24,30.9,1023.9,153.5012361,712.3202831349399,0.08408642909818997,1356.6226324648308,68.38170314430111,1.9687155157173375,147.23458582039103,160.1504307653946,OW,2023-03-18,02:18:57
2023-03-18T02:18:57Z,230318,12:18:57,230318B,25,30.9,1023.9,167.0876478,632.5475860212799,0.08557979420251893,1356.6226324648308,68.38170314430111,1.9687155157173375,160.1504307653946,174.459628576985,OW,2023-03-18,02:18:57
2023-03-18T02:18:57Z,230318,12:18:57,230318B,26,30.9,1023.9,182.1568644,732.6616456921199,0.08716452652855455,1356.6226324648308,68.38170314430111,1.9687155157173375,174.459628576985,190.34874440151626,OW,2023-03-18,02:18:57
2023-03-18T02:18:57Z,230318,12:18:57,230318B,27,30.9,1023.9,198.9090261,627.7547180462401,0.0888729304862741,1356.6226324648308,68.38170314430111,1.9687155157173375,190.34874440151626,208.04009322817268,OW,2023-03-18,02:18:57
2023-03-18T02:18:57Z,230318,12:18:57,230318B,28,30.9,1023.9,217.5903288,807.1044813336599,0.09062704158709156,1356.6226324648308,68.38170314430111,1.9687155157173375,208.04009322817268,227.77489955537695,OW,2023-03-18,02:18:57
2023-03-18T02:18:57Z,230318,12:18:57,230318B,29,30.9,1023.9,238.4361711,519.60296339286,0.09241333664862772,1356.6226324648308,68.38170314430111,1.9687155157173375,227.77489955537695,249.82762880209688,OW,2023-03-18,02:18:57
2023-03-18T02:18:57Z,230318,12:18:57,230318B,30,30.9,1023.9,261.7633215,197.54012904347002,0.09333909434343735,1356.6226324648308,68.38170314430111,1.9687155157173375,249.82762880209688,274.26925040781265,OW,2023-03-18,02:18:57
2023-03-18T02:19:30Z,230318,12:19:30,230318B,1,30.9,1023.9,27.9410895,298.01299547992,0.06875919903936722,1378.5534234328868,57.448550652844574,1.550582718750398,26.99681099742901,28.918396418056904,OW,2023-03-18,02:19:30
2023-03-18T02:19:30Z,230318,12:19:30,230318B,2,30.9,1023.9,29.929886999999997,413.23229367664004,0.06888010676212142,1378.5534234328868,57.448550652844574,1.550582718750398,28.918396418056904,30.98050245738949,OW,2023-03-18,02:19:30
2023-03-18T02:19:30Z,230318,12:19:30,230318B,3,30.9,1023.9,32.0679972,353.79982593085003,0.06913230823226613,1378.5534234328868,57.448550652844574,1.550582718750398,30.98050245738949,33.19802419179129,OW,2023-03-18,02:19:30
2023-03-18T02:19:30Z,230318,12:19:30,230318B,4,30.9,1023.9,34.3678716,307.9741555659,0.06940620692889565,1378.5534234328868,57.448550652844574,1.550582718750398,33.19802419179129,35.58401673006533,OW,2023-03-18,02:19:30
2023-03-18T02:19:30Z,230318,12:19:30,230318B,5,30.9,1023.9,36.8431965,566.12879846627,0.06970375913979998,1378.5534234328868,57.448550652844574,1.550582718750398,35.58401673006533,38.1528449589859,OW,2023-03-18,02:19:30
2023-03-18T02:19:30Z,230318,12:19:30,230318B,6,30.9,1023.9,39.5090469,687.8516131956299,0.07002713721462639,1378.5534234328868,57.448550652844574,1.550582718750398,38.1528449589859,40.920348805856875,OW,2023-03-18,02:19:30
2023-03-18T02:19:30Z,230318,12:19:30,230318B,7,30.9,1023.9,42.382063800000005,585.5461706710801,0.07037871348328606,1378.5534234328868,57.448550652844574,1.550582718750398,40.920348805856875,43.904032775193876,OW,2023-03-18,02:19:30
2023-03-18T02:19:30Z,230318,12:19:30,230318B,8,30.9,1023.9,45.480656700000004,575.9653168298499,0.07076108384470903,1378.5534234328868,57.448550652844574,1.550582718750398,43.904032775193876,47.12328546814087,OW,2023-03-18,02:19:30
2023-03-18T02:19:30Z,230318,12:19:30,230318B,9,30.9,1023.9,48.8252412,666.15742235196,0.07117706753394692,1378.5534234328868,57.448550652844574,1.550582718750398,47.12328546814087,50.59963333894908,OW,2023-03-18,02:19:30
2023-03-18T02:19:30Z,230318,12:19:30,230318B,10,30.9,1023.9,52.4385099,748.6473045872801,0.07162974048230364,1378.5534234328868,57.448550652844574,1.550582718750398,50.59963333894908,54.35703643885556,OW,2023-03-18,02:19:30
2023-03-18T02:19:30Z,230318,12:19:30,230318B,11,30.9,1023.9,56.3457546,981.7417607242,0.07212244655914812,1378.5534234328868,57.448550652844574,1.550582718750398,54.35703643885556,58.42223285992994,OW,2023-03-18,02:19:30
2023-03-18T02:19:30Z,230318,12:19:30,230318B,12,30.9,1023.9,60.57523439999999,695.9996069675,0.07265877986613933,1378.5534234328868,57.448550652844574,1.550582718750398,58.42223285992994,62.82513906198917,OW,2023-03-18,02:19:30
2023-03-18T02:19:30Z,230318,12:19:30,230318B,13,30.9,1023.9,65.1586104,721.9492080495,0.07324261808294974,1378.5534234328868,57.448550652844574,1.550582718750398,62.82513906198917,67.5993194027702,OW,2023-03-18,02:19:30
2023-03-18T02:19:30Z,230318,12:19:30,230318B,14,30.9,1023.9,70.1314524,888.8610951722601,0.07387807236510202,1378.5534234328868,57.448550652844574,1.550582718750398,67.5993194027702,72.78253243674654,OW,2023-03-18,02:19:30
2023-03-18T02:19:30Z,230318,12:19:30,230318B,15,30.9,1023.9,75.5338275,595.7288469033,0.07456954276481298,1378.5534234328868,57.448550652844574,1.550582718750398,72.78253243674654,78.41737558197718,OW,2023-03-18,02:19:30
2023-03-18T02:19:30Z,230318,12:19:30,230318B,16,30.9,1023.9,81.4110048,576.839967471,0.07532163450766394,1378.5534234328868,57.448550652844574,1.550582718750398,78.41737558197718,84.55203677356765,OW,2023-03-18,02:19:30
2023-03-18T02:19:30Z,230318,12:19:30,230318B,17,30.9,1023.9,87.81425730000001,674.65750386276,0.07613911953792929,1378.5534234328868,57.448550652844574,1.550582718750398,84.55203677356765,91.24117579475548,OW,2023-03-18,02:19:30
2023-03-18T02:19:30Z,230318,12:19:30,230318B,18,30.9,1023.9,94.8018285,711.1766098008,0.07702689611638291,1378.5534234328868,57.448550652844574,1.550582718750398,91.24117579475548,98.54695945271642,OW,2023-03-18,02:19:30
2023-03-18T02:19:30Z,230318,12:19:30,230318B,19,30.9,1023.9,102.4400412,699.9166714644,0.0779898482167729,1378.5534234328868,57.448550652844574,1.550582718750398,98.54695945271642,106.54026922816553,OW,2023-03-18,02:19:30
2023-03-18T02:19:30Z,230318,12:19:30,230318B,20,30.9,1023.9,110.80461150000001,795.82898581992,0.07903272660992666,1378.5534234328868,57.448550652844574,1.550582718750398,106.54026922816553,115.30211321879331,OW,2023-03-18,02:19:30
2023-03-18T02:19:30Z,230318,12:19:30,230318B,21,30.9,1023.9,119.9821662,582.9138809101601,0.08015996677721482,1378.5534234328868,57.448550652844574,1.550582718750398,115.30211321879331,124.92527042012026,OW,2023-03-18,02:19:30
2023-03-18T02:19:30Z,230318,12:19:30,230318B,22,30.9,1023.9,130.0720239,841.03210957034,0.08137545547146097,1378.5534234328868,57.448550652844574,1.550582718750398,124.92527042012026,135.51619823696248,OW,2023-03-18,02:19:30
2023-03-18T02:19:30Z,230318,12:19:30,230318B,23,30.9,1023.9,141.18823890000002,554.04802913579,0.08268220496688006,1378.5534234328868,57.448550652844574,1.550582718750398,135.51619823696248,147.19722913787922,OW,2023-03-18,02:19:30
2023-03-18T02:19:30Z,230318,12:19:30,230318B,24,30.9,1023.9,153.4619628,737.1881135029,0.08408202790072128,1378.5534234328868,57.448550652844574,1.550582718750398,147.19722913787922,160.10909237305117,OW,2023-03-18,02:19:30
2023-03-18T02:19:30Z,230318,12:19:30,230318B,25,30.9,1023.9,167.04413910000002,657.66035896208,0.08557510950253366,1378.5534234328868,57.448550652844574,1.550582718750398,160.10909237305117,174.41377958391067,OW,2023-03-18,02:19:30
2023-03-18T02:19:30Z,230318,12:19:30,230318B,26,30.9,1023.9,182.1085533,632.3229719678999,0.08715956794914526,1378.5534234328868,57.448550652844574,1.550582718750398,174.41377958391067,190.2977760485091,OW,2023-03-18,02:19:30
2023-03-18T02:19:30Z,230318,12:19:30,230318B,27,30.9,1023.9,198.8552592,460.39356023032,0.08886770654749121,1378.5534234328868,57.448550652844574,1.550582718750398,190.2977760485091,207.98330129145717,OW,2023-03-18,02:19:30
2023-03-18T02:19:30Z,230318,12:19:30,230318B,28,30.9,1023.9,217.5303474,466.51617434814,0.09062159280502247,1378.5534234328868,57.448550652844574,1.550582718750398,207.98330129145717,227.71147954833762,OW,2023-03-18,02:19:30
2023-03-18T02:19:30Z,230318,12:19:30,230318B,29,30.9,1023.9,238.369122,306.33216186040005,0.09240770635137174,1378.5534234328868,57.448550652844574,1.550582718750398,227.71147954833762,249.75666238331044,OW,2023-03-18,02:19:30
2023-03-18T02:19:30Z,230318,12:19:30,230318B,30,30.9,1023.9,261.6882165,169.87522708766,0.09333337678374143,1378.5534234328868,57.448550652844574,1.550582718750398,249.75666238331044,274.1897733636874,OW,2023-03-18,02:19:30
2023-03-18T02:20:03Z,230318,12:20:03,230318B,1,30.9,1024.2,27.943011,215.24391109927998,0.0687598315078155,1497.8073964060773,76.45238467695192,2.2126308887277366,26.998659021789912,28.920394272765478,OW,2023-03-18,02:20:03
2023-03-18T02:20:03Z,230318,12:20:03,230318B,2,30.9,1024.2,29.931964200000003,309.92348579539004,0.06888078954259713,1497.8073964060773,76.45238467695192,2.2126308887277366,28.920394272765478,30.982663928990718,OW,2023-03-18,02:20:03
2023-03-18T02:20:03Z,230318,12:20:03,230318B,3,30.9,1024.2,32.0702463,200.62831919015002,0.06913310389204952,1497.8073964060773,76.45238467695192,2.2126308887277366,30.982663928990718,33.20036679334616,OW,2023-03-18,02:20:03
2023-03-18T02:20:03Z,230318,12:20:03,230318B,4,30.9,1024.2,34.3703115,319.09301079315003,0.06940710919905735,1497.8073964060773,76.45238467695192,2.2126308887277366,33.20036679334616,35.586559806636835,OW,2023-03-18,02:20:03
2023-03-18T02:20:03Z,230318,12:20:03,230318B,5,30.9,1024.2,36.845847,456.57386070209,0.0697047779381017,1497.8073964060773,76.45238467695192,2.2126308887277366,35.586559806636835,38.15561049439725,OW,2023-03-18,02:20:03
2023-03-18T02:20:03Z,230318,12:20:03,230318B,6,30.9,1024.2,39.5119323,609.7180801709399,0.07002829721750503,1497.8073964060773,76.45238467695192,2.2126308887277366,38.15561049439725,40.92336241689346,OW,2023-03-18,02:20:03
2023-03-18T02:20:03Z,230318,12:20:03,230318B,7,30.9,1024.2,42.3852111,734.46693423084,0.07038002366960816,1497.8073964060773,76.45238467695192,2.2126308887277366,40.92336241689346,43.907323648703084,OW,2023-03-18,02:20:03
2023-03-18T02:20:03Z,230318,12:20:03,230318B,8,30.9,1024.2,45.4840974,472.70861626935,0.07076254331161502,1497.8073964060773,76.45238467695192,2.2126308887277366,43.907323648703084,47.126886424243274,OW,2023-03-18,02:20:03
2023-03-18T02:20:03Z,230318,12:20:03,230318B,9,30.9,1024.2,48.8290095,566.2598878572501,0.07117870766062984,1497.8073964060773,76.45238467695192,2.2126308887277366,47.126886424243274,50.60358293862368,OW,2023-03-18,02:20:03
2023-03-18T02:20:03Z,230318,12:20:03,230318B,10,30.9,1024.2,52.442649,653.04887641868,0.07163157784665453,1497.8073964060773,76.45238467695192,2.2126308887277366,50.60358293862368,54.361379207561036,OW,2023-03-18,02:20:03
2023-03-18T02:20:03Z,230318,12:20:03,230318B,11,30.9,1024.2,56.3503104,728.82996622758,0.07212448475526978,1497.8073964060773,76.45238467695192,2.2126308887277366,54.361379207561036,58.4270194966211,OW,2023-03-18,02:20:03
2023-03-18T02:20:03Z,230318,12:20:03,230318B,12,30.9,1024.2,60.5802627,757.8808357270001,0.07266105368335918,1497.8073964060773,76.45238467695192,2.2126308887277366,58.4270194966211,62.83042930130908,OW,2023-03-18,02:20:03
2023-03-18T02:20:03Z,230318,12:20:03,230318B,13,30.9,1024.2,65.16417510000001,716.2563957285,0.07324513062270999,1497.8073964060773,76.45238467695192,2.2126308887277366,62.83042930130908,67.60518151612332,OW,2023-03-18,02:20:03
2023-03-18T02:20:03Z,230318,12:20:03,230318B,14,30.9,1024.2,70.1376264,728.87382731996,0.07388085121814747,1497.8073964060773,76.45238467695192,2.2126308887277366,67.60518151612332,72.78904630047704,OW,2023-03-18,02:20:03
2023-03-18T02:20:03Z,230318,12:20:03,230318B,15,30.9,1024.2,75.54069810000001,768.0748359574401,0.07457261398750337,1497.8073964060773,76.45238467695192,2.2126308887277366,72.78904630047704,78.42463460992889,OW,2023-03-18,02:20:03
2023-03-18T02:20:03Z,230318,12:20:03,230318B,16,30.9,1024.2,81.4186719,552.1673284555001,0.07532501555934701,1497.8073964060773,76.45238467695192,2.2126308887277366,78.42463460992889,84.56014958349938,OW,2023-03-18,02:20:03
2023-03-18T02:20:03Z,230318,12:20:03,230318B,17,30.9,1024.2,87.8228388,759.546424075,0.07614283473135863,1497.8073964060773,76.45238467695192,2.2126308887277366,84.56014958349938,91.250269442671,OW,2023-03-18,02:20:03
2023-03-18T02:20:03Z,230318,12:20:03,230318B,18,30.9,1024.2,94.81146120000001,742.4802562320001,0.07703096744946158,1497.8073964060773,76.45238467695192,2.2126308887277366,91.250269442671,98.55718249755782,OW,2023-03-18,02:20:03
2023-03-18T02:20:03Z,230318,12:20:03,230318B,19,30.9,1024.2,102.4508862,761.7506973738,0.07799429600950081,1497.8073964060773,76.45238467695192,2.2126308887277366,98.55718249755782,106.55179540063033,OW,2023-03-18,02:20:03
2023-03-18T02:20:03Z,230318,12:20:03,230318B,20,30.9,1024.2,110.816856,853.6859330032801,0.07903757750738283,1497.8073964060773,76.45238467695192,2.2126308887277366,106.55179540063033,115.31514668127436,OW,2023-03-18,02:20:03
2023-03-18T02:20:03Z,230318,12:20:03,230318B,21,30.9,1024.2,119.9960325,875.2539780253601,0.08016524304377803,1497.8073964060773,76.45238467695192,2.2126308887277366,115.31514668127436,124.94005087549523,OW,2023-03-18,02:20:03
2023-03-18T02:20:03Z,230318,12:20:03,230318B,22,30.9,1024.2,130.08777030000002,921.6848117189201,0.0813811660232231,1497.8073964060773,76.45238467695192,2.2126308887277366,124.94005087549523,135.53300571738478,OW,2023-03-18,02:20:03
2023-03-18T02:20:03Z,230318,12:20:03,230318B,23,30.9,1024.2,141.2061687,933.50225295593,0.08268836445712857,1497.8073964060773,76.45238467695192,2.2126308887277366,135.53300571738478,147.21639214053303,OW,2023-03-18,02:20:03
2023-03-18T02:20:03Z,230318,12:20:03,230318B,24,30.9,1024.2,153.4824315,739.8662441841899,0.08408863426363489,1497.8073964060773,76.45238467695192,2.2126308887277366,147.21639214053303,160.1309941981116,OW,2023-03-18,02:20:03
2023-03-18T02:20:03Z,230318,12:20:03,230318B,25,30.9,1024.2,167.0675598,757.68801282288,0.08558215987899764,1497.8073964060773,76.45238467695192,2.2126308887277366,160.1309941981116,174.43886804736735,OW,2023-03-18,02:20:03
2023-03-18T02:20:03Z,230318,12:20:03,230318B,26,30.9,1024.2,182.1354111,664.0499700569599,0.08716704884218185,1497.8073964060773,76.45238467695192,2.2126308887277366,174.43886804736735,190.32657314495435,OW,2023-03-18,02:20:03
2023-03-18T02:20:03Z,230318,12:20:03,230318B,27,30.9,1024.2,198.8861157,803.4184350025602,0.08887561481284845,1497.8073964060773,76.45238467695192,2.2126308887277366,190.32657314495435,208.01641971908276,OW,2023-03-18,02:20:03
2023-03-18T02:20:03Z,230318,12:20:03,230318B,28,30.9,1024.2,217.5658704,724.24313384628,0.09062984568855104,1497.8073964060773,76.45238467695192,2.2126308887277366,208.01641971908276,227.74961899535236,OW,2023-03-18,02:20:03
2023-03-18T02:20:03Z,230318,12:20:03,230318B,29,30.9,1024.2,238.41004500000003,480.0428480023,0.09241620959178398,1497.8073964060773,76.45238467695192,2.2126308887277366,227.74961899535236,249.80061828864652,OW,2023-03-18,02:20:03
2023-03-18T02:20:03Z,230318,12:20:03,230318B,30,30.9,1024.2,261.7354017,379.80899909565,0.09334200690491201,1497.8073964060773,76.45238467695192,2.2126308887277366,249.80061828864652,274.2403960902204,OW,2023-03-18,02:20:03
2023-03-18T02:20:36Z,230318,12:20:36,230318B,1,30.9,1024,27.9397953,445.3521360301999,0.0687599314137346,1641.5016080247412,64.57356388836527,1.6612533397100187,26.995550649926145,28.91706753935163,OW,2023-03-18,02:20:36
2023-03-18T02:20:36Z,230318,12:20:36,230318B,2,30.9,1024,29.9285226,211.92345014538003,0.06888088411059323,1641.5016080247412,64.57356388836527,1.6612533397100187,28.91706753935163,30.979102900870846,OW,2023-03-18,02:20:36
2023-03-18T02:20:36Z,230318,12:20:36,230318B,3,30.9,1024,32.0665617,336.51680037190005,0.06913311734338512,1641.5016080247412,64.57356388836527,1.6612533397100187,30.979102900870846,33.19655131753437,OW,2023-03-18,02:20:36
2023-03-18T02:20:36Z,230318,12:20:36,230318B,4,30.9,1024,34.366360500000006,463.58042149875,0.06940701930234949,1641.5016080247412,64.57356388836527,1.6612533397100187,33.19655131753437,35.582466904333096,OW,2023-03-18,02:20:36
2023-03-18T02:20:36Z,230318,12:20:36,230318B,5,30.9,1024,36.841607100000004,456.86432590602,0.06970460390938005,1641.5016080247412,64.57356388836527,1.6612533397100187,35.582466904333096,38.15121547952009,OW,2023-03-18,02:20:36
2023-03-18T02:20:36Z,230318,12:20:36,230318B,6,30.9,1024,39.5073765,538.4305388358,0.07002801314582063,1641.5016080247412,64.57356388836527,1.6612533397100187,38.15121547952009,40.91863697026701,OW,2023-03-18,02:20:36
2023-03-18T02:20:36Z,230318,12:20:36,230318B,7,30.9,1024,42.3803097,1015.5748809988801,0.07037961910616408,1641.5016080247412,64.57356388836527,1.6612533397100187,40.91863697026701,43.902235880936374,OW,2023-03-18,02:20:36
2023-03-18T02:20:36Z,230318,12:20:36,230318B,8,30.9,1024,45.478816200000004,920.32053187895,0.07076200829003998,1641.5016080247412,64.57356388836527,1.6612533397100187,43.902235880936374,47.12140037818054,OW,2023-03-18,02:20:36
2023-03-18T02:20:36Z,230318,12:20:36,230318B,9,30.9,1024,48.8233107,1166.50638482785,0.07117802744551893,1641.5016080247412,64.57356388836527,1.6612533397100187,47.12140037818054,50.59765775263196,OW,2023-03-18,02:20:36
2023-03-18T02:20:36Z,230318,12:20:36,230318B,10,30.9,1024,52.4364885,1063.85743007544,0.07163075793082507,1641.5016080247412,64.57356388836527,1.6612533397100187,50.59765775263196,54.35496945376038,OW,2023-03-18,02:20:36
2023-03-18T02:20:36Z,230318,12:20:36,230318B,11,30.9,1024,56.343641399999996,743.38378463524,0.07212350523696687,1641.5016080247412,64.57356388836527,1.6612533397100187,54.35496945376038,58.42007313934743,OW,2023-03-18,02:20:36
2023-03-18T02:20:36Z,230318,12:20:36,230318B,12,30.9,1024,60.5730276,776.3726573525,0.07265987967428522,1641.5016080247412,64.57356388836527,1.6612533397100187,58.42007313934743,62.822885670304544,OW,2023-03-18,02:20:36
2023-03-18T02:20:36Z,230318,12:20:36,230318B,13,30.9,1024,65.15631,794.2865072400001,0.07324376554011458,1641.5016080247412,64.57356388836527,1.6612533397100187,62.822885670304544,67.59697233692131,OW,2023-03-18,02:20:36
2023-03-18T02:20:36Z,230318,12:20:36,230318B,14,30.9,1024,70.1290584,716.57180081802,0.07387927579478415,1641.5016080247412,64.57356388836527,1.6612533397100187,67.59697233692131,72.78009299407228,OW,2023-03-18,02:20:36
2023-03-18T02:20:36Z,230318,12:20:36,230318B,15,30.9,1024,75.5313426,697.9240771371001,0.07457080760857249,1641.5016080247412,64.57356388836527,1.6612533397100187,72.78009299407228,78.41484645946456,OW,2023-03-18,02:20:36
2023-03-18T02:20:36Z,230318,12:20:36,230318B,16,30.9,1024,81.4084317,827.1954100615001,0.07532297146062383,1641.5016080247412,64.57356388836527,1.6612533397100187,78.41484645946456,84.54942283407203,OW,2023-03-18,02:20:36
2023-03-18T02:20:36Z,230318,12:20:36,230318B,17,30.9,1024,87.81160320000001,849.2115245088,0.0761405353460125,1641.5016080247412,64.57356388836527,1.6612533397100187,84.54942283407203,91.2384842355685,OW,2023-03-18,02:20:36
2023-03-18T02:20:36Z,230318,12:20:36,230318B,18,30.9,1024,94.7991006,1029.8344955184,0.07702839044808751,1641.5016080247412,64.57356388836527,1.6612533397100187,91.2384842355685,98.54419963496721,OW,2023-03-18,02:20:36
2023-03-18T02:20:36Z,230318,12:20:36,230318B,19,30.9,1024,102.4372512,1070.90234310195,0.07799142660674985,1641.5016080247412,64.57356388836527,1.6612533397100187,98.54419963496721,106.53745371446914,OW,2023-03-18,02:20:36
2023-03-18T02:20:36Z,230318,12:20:36,230318B,20,30.9,1024,110.8017729,917.379551556,0.07903439509871646,1641.5016080247412,64.57356388836527,1.6612533397100187,106.53745371446914,115.29925853334375,OW,2023-03-18,02:20:36
2023-03-18T02:20:36Z,230318,12:20:36,230318B,21,30.9,1024,119.9792988,1013.0661283112802,0.08016173620015632,1641.5016080247412,64.57356388836527,1.6612533397100187,115.29925853334375,124.92239852192486,OW,2023-03-18,02:20:36
2023-03-18T02:20:36Z,230318,12:20:36,230318B,22,30.9,1024,130.069152,931.6044343739201,0.0813773267536142,1641.5016080247412,64.57356388836527,1.6612533397100187,124.92239852192486,135.51333644812843,OW,2023-03-18,02:20:36
2023-03-18T02:20:36Z,230318,12:20:36,230318B,23,30.9,1024,141.1853931,912.03162302973,0.0826841867147623,1641.5016080247412,64.57356388836527,1.6612533397100187,135.51333644812843,147.19441237460143,OW,2023-03-18,02:20:36
2023-03-18T02:20:36Z,230318,12:20:36,230318B,24,30.9,1024,153.45918269999999,825.06856173601,0.08408412125749987,1641.5016080247412,64.57356388836527,1.6612533397100187,147.19441237460143,160.1063636880038,OW,2023-03-18,02:20:36
2023-03-18T02:20:36Z,230318,12:20:36,230318B,25,30.9,1024,167.0414715,506.08851825007997,0.08557731525081635,1641.5016080247412,64.57356388836527,1.6612533397100187,160.1063636880038,174.41119181568527,OW,2023-03-18,02:20:36
2023-03-18T02:20:36Z,230318,12:20:36,230318B,26,30.9,1024,182.1060576,703.32647185698,0.08716188852672513,1641.5016080247412,64.57356388836527,1.6612533397100187,174.41119181568527,190.29539420496278,OW,2023-03-18,02:20:36
2023-03-18T02:20:36Z,230318,12:20:36,230318B,27,30.9,1024,198.85300650000002,690.0803610430402,0.08887014838757779,1641.5016080247412,64.57356388836527,1.6612533397100187,190.29539420496278,207.98120594498576,OW,2023-03-18,02:20:36
2023-03-18T02:20:36Z,230318,12:20:36,230318B,28,30.9,1024,217.52842859999998,409.4304795494,0.09062413641704303,1641.5016080247412,64.57356388836527,1.6612533397100187,207.98120594498576,227.70976465311816,OW,2023-03-18,02:20:36
2023-03-18T02:20:36Z,230318,12:20:36,230318B,29,30.9,1024,238.36763430000002,281.9858250387,0.09241033183820235,1641.5016080247412,64.57356388836527,1.6612533397100187,227.70976465311816,249.75543719456292,OW,2023-03-18,02:20:36
2023-03-18T02:20:36Z,230318,12:20:36,230318B,30,30.9,1024,261.6872823,96.86530635829,0.0933360480604799,1641.5016080247412,64.57356388836527,1.6612533397100187,249.75543719456292,274.18916075173513,OW,2023-03-18,02:20:36
2023-03-18T02:21:09Z,230318,12:21:09,230318B,1,30.9,1023.9,27.9527454,118.73439221714,0.06875881341799328,1509.0713582519109,78.47678938374197,2.2002747236174676,27.008078189819944,28.930454433138262,OW,2023-03-18,02:21:09
2023-03-18T02:21:09Z,230318,12:21:09,230318B,2,30.9,1023.9,29.942361,135.1716512948,0.06887978601371492,1509.0713582519109,78.47678938374197,2.2002747236174676,28.930454433138262,30.993410361414412,OW,2023-03-18,02:21:09
2023-03-18T02:21:09Z,230318,12:21:09,230318B,3,30.9,1023.9,32.081354100000006,162.0706291265,0.06913210992053154,1509.0713582519109,78.47678938374197,2.2002747236174676,30.993410361414412,33.21184943119104,OW,2023-03-18,02:21:09
2023-03-18T02:21:09Z,230318,12:21:09,230318B,4,30.9,1023.9,34.3821816,247.69374742290003,0.069406122053703,1509.0713582519109,78.47678938374197,2.2002747236174676,33.21184943119104,35.59883258900994,OW,2023-03-18,02:21:09
2023-03-18T02:21:09Z,230318,12:21:09,230318B,5,30.9,1023.9,36.8585361,296.54041244495,0.06970381013911275,1509.0713582519109,78.47678938374197,2.2002747236174676,35.59883258900994,38.16873232888679,OW,2023-03-18,02:21:09
2023-03-18T02:21:09Z,230318,12:21:09,230318B,6,30.9,1023.9,39.5255016,287.93806197974993,0.07002733535687478,1509.0713582519109,78.47678938374197,2.2002747236174676,38.16873232888679,40.93739671388756,OW,2023-03-18,02:21:09
2023-03-18T02:21:09Z,230318,12:21:09,230318B,7,30.9,1023.9,42.399726300000005,395.08907093604,0.0703790557736661,1509.0713582519109,78.47678938374197,2.2002747236174676,40.93739671388756,43.922338755938064,OW,2023-03-18,02:21:09
2023-03-18T02:21:09Z,230318,12:21:09,230318B,8,30.9,1023.9,45.4996296,642.4563717589499,0.07076159504759882,1509.0713582519109,78.47678938374197,2.2002747236174676,43.922338755938064,47.14295783015093,OW,2023-03-18,02:21:09
2023-03-18T02:21:09Z,230318,12:21:09,230318B,9,30.9,1023.9,48.845638799999996,687.27172682548,0.07117777028283268,1509.0713582519109,78.47678938374197,2.2002747236174676,47.14295783015093,50.62079253114053,OW,2023-03-18,02:21:09
2023-03-18T02:21:09Z,230318,12:21:09,230318B,10,30.9,1023.9,52.4604591,752.2604608551201,0.07163065120564305,1509.0713582519109,78.47678938374197,2.2002747236174676,50.62079253114053,54.37981638505251,OW,2023-03-18,02:21:09
2023-03-18T02:21:09Z,230318,12:21:09,230318B,11,30.9,1023.9,56.3693967,779.1340231166799,0.0721235736857162,1509.0713582519109,78.47678938374197,2.2002747236174676,54.37981638505251,58.44678232547969,OW,2023-03-18,02:21:09
2023-03-18T02:21:09Z,230318,12:21:09,230318B,12,30.9,1023.9,60.60072600000001,549.5426806370001,0.07266014224534256,1509.0713582519109,78.47678938374197,2.2002747236174676,58.44678232547969,62.85162428982131,OW,2023-03-18,02:21:09
2023-03-18T02:21:09Z,230318,12:21:09,230318B,13,30.9,1023.9,65.1861279,823.3716836670001,0.07324422581410683,1509.0713582519109,78.47678938374197,2.2002747236174676,62.85162428982131,67.62792601182548,OW,2023-03-18,02:21:09
2023-03-18T02:21:09Z,230318,12:21:09,230318B,14,30.9,1023.9,70.1611911,666.67791735384,0.07387996332190827,1509.0713582519109,78.47678938374197,2.2002747236174676,67.62792601182548,72.81347015945174,OW,2023-03-18,02:21:09
2023-03-18T02:21:09Z,230318,12:21:09,230318B,15,30.9,1023.9,75.5660124,601.35156551514,0.0745717337522942,1509.0713582519109,78.47678938374197,2.2002747236174676,72.81347015945174,78.4508803961648,OW,2023-03-18,02:21:09
2023-03-18T02:21:09Z,230318,12:21:09,230318B,16,30.9,1023.9,81.4458834,879.9919684085,0.07532413883185196,1509.0713582519109,78.47678938374197,2.2002747236174676,78.4508803961648,84.58837453568192,OW,2023-03-18,02:21:09
2023-03-18T02:21:09Z,230318,12:21:09,230318B,17,30.9,1023.9,87.8521149,781.0285011400799,0.0761419738505138,1509.0713582519109,78.47678938374197,2.2002747236174676,84.58837453568192,91.28064887808935,OW,2023-03-18,02:21:09
2023-03-18T02:21:09Z,230318,12:21:09,230318B,18,30.9,1023.9,94.8429855,708.12642186,0.07703011503645119,1509.0713582519109,78.47678938374197,2.2002747236174676,91.28064887808935,98.58991054279933,OW,2023-03-18,02:21:09
2023-03-18T02:21:09Z,230318,12:21:09,230318B,19,30.9,1023.9,102.48486390000001,946.7620259628,0.07799345161870619,1509.0713582519109,78.47678938374197,2.2002747236174676,98.58991054279933,106.58708822889683,OW,2023-03-18,02:21:09
2023-03-18T02:21:09Z,230318,12:21:09,230318B,20,30.9,1023.9,110.85351480000001,958.62322813608,0.0790367364060991,1509.0713582519109,78.47678938374197,2.2002747236174676,106.58708822889683,115.35324514402329,OW,2023-03-18,02:21:09
2023-03-18T02:21:09Z,230318,12:21:09,230318B,21,30.9,1023.9,120.0356271,725.92490725552,0.08016440188937413,1509.0713582519109,78.47678938374197,2.2002747236174676,115.35324514402329,124.9812241393419,OW,2023-03-18,02:21:09
2023-03-18T02:21:09Z,230318,12:21:09,230318B,22,30.9,1023.9,130.13058510000002,952.5098509982399,0.08138032419160623,1509.0713582519109,78.47678938374197,2.2002747236174676,124.9812241393419,135.57755569409287,OW,2023-03-18,02:21:09
2023-03-18T02:21:09Z,230318,12:21:09,230318B,23,30.9,1023.9,141.25252410000002,1116.0544484047698,0.08268751673220098,1509.0713582519109,78.47678938374197,2.2002747236174676,135.57755569409287,147.26465763032547,OW,2023-03-18,02:21:09
2023-03-18T02:21:09Z,230318,12:21:09,230318B,24,30.9,1023.9,153.5326857,984.00054134552,0.08408777764157893,1509.0713582519109,78.47678938374197,2.2002747236174676,147.26465763032547,160.18335657578535,OW,2023-03-18,02:21:09
2023-03-18T02:21:09Z,230318,12:21:09,230318B,25,30.9,1023.9,167.1221187,1119.97500561256,0.0855812876208315,1509.0713582519109,78.47678938374197,2.2002747236174676,160.18335657578535,174.49575685350277,OW,2023-03-18,02:21:09
2023-03-18T02:21:09Z,230318,12:21:09,230318B,26,30.9,1023.9,182.1947292,650.1285763045199,0.08716615435366304,1509.0713582519109,78.47678938374197,2.2002747236174676,174.49575685350277,190.3884730221865,OW,2023-03-18,02:21:09
2023-03-18T02:21:09Z,230318,12:21:09,230318B,27,30.9,1023.9,198.9507096,858.9222759396001,0.08887467784112335,1509.0713582519109,78.47678938374197,2.2002747236174676,190.3884730221865,208.08387789314065,OW,2023-03-18,02:21:09
2023-03-18T02:21:09Z,230318,12:21:09,230318B,28,30.9,1023.9,217.6363197,776.2191011794599,0.09062887432496147,1509.0713582519109,78.47678938374197,2.2002747236174676,208.08387789314065,227.82325519949313,OW,2023-03-18,02:21:09
2023-03-18T02:21:09Z,230318,12:21:09,230318B,29,30.9,1023.9,238.48701210000002,370.10170110570004,0.09241521350072901,1509.0713582519109,78.47678938374197,2.2002747236174676,227.82325519949313,249.88113513649677,OW,2023-03-18,02:21:09
2023-03-18T02:21:09Z,230318,12:21:09,230318B,30,30.9,1023.9,261.8196318,232.68345369901002,0.09334098619947806,1509.0713582519109,78.47678938374197,2.2002747236174676,249.88113513649677,274.3285104673573,OW,2023-03-18,02:21:09
2023-03-18T02:21:42Z,230318,12:21:42,230318B,1,30.9,1024.1,27.9560178,656.82029030814,0.06876224552813381,1577.2924721940426,62.32640391644103,1.6185380415702946,27.011193645837082,28.93389094466643,OW,2023-03-18,02:21:42
2023-03-18T02:21:42Z,230318,12:21:42,230318B,2,30.9,1024.1,29.945969100000003,149.87899719524003,0.06888326375036513,1577.2924721940426,62.32640391644103,1.6185380415702946,28.93389094466643,30.997199721607284,OW,2023-03-18,02:21:42
2023-03-18T02:21:42Z,230318,12:21:42,230318B,3,30.9,1024.1,32.085333000000006,339.46319393535003,0.0691357028311641,1577.2924721940426,62.32640391644103,1.6185380415702946,30.997199721607284,33.21602936733121,OW,2023-03-18,02:21:42
2023-03-18T02:21:42Z,230318,12:21:42,230318B,4,30.9,1024.1,34.3865718,404.8104136833,0.06940985352802675,1577.2924721940426,62.32640391644103,1.6185380415702946,33.21602936733121,35.60344579623959,OW,2023-03-18,02:21:42
2023-03-18T02:21:42Z,230318,12:21:42,230318B,5,30.9,1024.1,36.8633826,358.13024380075,0.06970767243538312,1577.2924721940426,62.32640391644103,1.6185380415702946,35.60344579623959,38.173826004481164,OW,2023-03-18,02:21:42
2023-03-18T02:21:42Z,230318,12:21:42,230318B,6,30.9,1024.1,39.530853900000004,747.56495004594,0.07003134065662797,1577.2924721940426,62.32640391644103,1.6185380415702946,38.173826004481164,40.943023860725475,OW,2023-03-18,02:21:42
2023-03-18T02:21:42Z,230318,12:21:42,230318B,7,30.9,1024.1,42.405641100000004,684.57634019676,0.07038324006294472,1577.2924721940426,62.32640391644103,1.6185380415702946,40.943023860725475,43.92856001447324,OW,2023-03-18,02:21:42
2023-03-18T02:21:42Z,230318,12:21:42,230318B,8,30.9,1024.1,45.5061717,827.7500299705499,0.07076595089385984,1577.2924721940426,62.32640391644103,1.6185380415702946,43.92856001447324,47.149840641402186,OW,2023-03-18,02:21:42
2023-03-18T02:21:42Z,230318,12:21:42,230318B,9,30.9,1024.1,48.8528784,870.9512834800701,0.07118231538434339,1577.2924721940426,62.32640391644103,1.6185380415702946,47.149840641402186,50.62841321254256,OW,2023-03-18,02:21:42
2023-03-18T02:21:42Z,230318,12:21:42,230318B,10,30.9,1024.1,52.468479,1177.35771674808,0.07163542411978874,1577.2924721940426,62.32640391644103,1.6185380415702946,50.62841321254256,54.38826255667227,OW,2023-03-18,02:21:42
2023-03-18T02:21:42Z,230318,12:21:42,230318B,11,30.9,1024.1,56.3782896,905.26211353914,0.0721285798944371,1577.2924721940426,62.32640391644103,1.6185380415702946,54.38826255667227,58.45615281363074,OW,2023-03-18,02:21:42
2023-03-18T02:21:42Z,230318,12:21:42,230318B,12,30.9,1024.1,60.6105972,872.61101498,0.07266540525636778,1577.2924721940426,62.32640391644103,1.6185380415702946,58.45615281363074,62.862031827542175,OW,2023-03-18,02:21:42
2023-03-18T02:21:42Z,230318,12:21:42,230318B,13,30.9,1024.1,65.197098,685.8906626730001,0.07324978353557743,1577.2924721940426,62.32640391644103,1.6185380415702946,62.862031827542175,67.63950037303913,OW,2023-03-18,02:21:42
2023-03-18T02:21:42Z,230318,12:21:42,230318B,14,30.9,1024.1,70.1733996,687.56553284524,0.07388582856827863,1577.2924721940426,62.32640391644103,1.6185380415702946,67.63950037303913,72.82635915769244,OW,2023-03-18,02:21:42
2023-03-18T02:21:42Z,230318,12:21:42,230318B,15,30.9,1024.1,75.57961590000001,652.91599759683,0.07457793853843864,1577.2924721940426,62.32640391644103,1.6185380415702946,72.82635915769244,78.46525415313708,OW,2023-03-18,02:21:42
2023-03-18T02:21:42Z,230318,12:21:42,230318B,16,30.9,1024.1,81.461066400000007,696.4346754810001,0.07533072218315162,1577.2924721940426,62.32640391644103,1.6185380415702946,78.46525415313708,84.6044297821366,OW,2023-03-18,02:21:42
2023-03-18T02:21:42Z,230318,12:21:42,230318B,17,30.9,1024.1,87.8690871,881.9804246591599,0.07614895211839379,1577.2924721940426,62.32640391644103,1.6185380415702946,84.6044297821366,91.29861145166677,OW,2023-03-18,02:21:42
2023-03-18T02:21:42Z,230318,12:21:42,230318B,18,30.9,1024.1,94.8619899,814.1177578248,0.0770375209417864,1577.2924721940426,62.32640391644103,1.6185380415702946,91.29861145166677,98.61004175624392,OW,2023-03-18,02:21:42
2023-03-18T02:21:42Z,230318,12:21:42,230318B,19,30.9,1024.1,102.50618130000001,1043.97913115595,0.07800132681605199,1577.2924721940426,62.32640391644103,1.6185380415702946,98.61004175624392,106.60969196643512,OW,2023-03-18,02:21:42
2023-03-18T02:21:42Z,230318,12:21:42,230318B,20,30.9,1024.1,110.8774737,913.12362045216,0.07904511230373235,1577.2924721940426,62.32640391644103,1.6185380415702946,106.60969196643512,115.37867430105726,OW,2023-03-18,02:21:42
2023-03-18T02:21:42Z,230318,12:21:42,230318B,21,30.9,1024.1,120.0626064,803.3755473420802,0.0801733068007966,1577.2924721940426,62.32640391644103,1.6185380415702946,115.37867430105726,125.009888942494,OW,2023-03-18,02:21:42
2023-03-18T02:21:42Z,230318,12:21:42,230318B,22,30.9,1024.1,130.16102850000001,1261.72912612589,0.08138978826194876,1577.2924721940426,62.32640391644103,1.6185380415702946,125.009888942494,135.60993421224114,OW,2023-03-18,02:21:42
2023-03-18T02:21:42Z,230318,12:21:42,230318B,23,30.9,1024.1,141.2869464,1029.2981587484398,0.08269755838289683,1577.2924721940426,62.32640391644103,1.6185380415702946,135.60993421224114,147.30130639319606,OW,2023-03-18,02:21:42
2023-03-18T02:21:42Z,230318,12:21:42,230318B,24,30.9,1024.1,153.57168810000002,567.41971868688,0.08409841431787957,1577.2924721940426,62.32640391644103,1.6185380415702946,147.30130639319606,160.22492457979254,OW,2023-03-18,02:21:42
2023-03-18T02:21:42Z,230318,12:21:42,230318B,25,30.9,1024.1,167.16640139999998,638.5195242915199,0.08559252478194868,1577.2924721940426,62.32640391644103,1.6185380415702946,160.22492457979254,174.5430003199714,OW,2023-03-18,02:21:42
2023-03-18T02:21:42Z,230318,12:21:42,230318B,26,30.9,1024.1,182.2451085,506.03787242554,0.08717798343518446,1577.2924721940426,62.32640391644103,1.6185380415702946,174.5430003199714,190.44227207066461,OW,2023-03-18,02:21:42
2023-03-18T02:21:42Z,230318,12:21:42,230318B,27,30.9,1024.1,199.0081341,564.5893377792,0.08888710513091702,1577.2924721940426,62.32640391644103,1.6185380415702946,190.44227207066461,208.14526388848083,OW,2023-03-18,02:21:42
2023-03-18T02:21:42Z,230318,12:21:42,230318B,28,30.9,1024.1,217.7019099,426.47010348611997,0.09064183227031641,1577.2924721940426,62.32640391644103,1.6185380415702946,208.14526388848083,227.89341744116356,OW,2023-03-18,02:21:42
2023-03-18T02:21:42Z,230318,12:21:42,230318B,29,30.9,1024.1,238.56203069999998,209.76084484946,0.09242861153142456,1577.2924721940426,62.32640391644103,1.6185380415702946,227.89341744116356,249.96143946497818,OW,2023-03-18,02:21:42
2023-03-18T02:21:42Z,230318,12:21:42,230318B,30,30.9,1024.1,261.9055557,198.11016729186002,0.09335460104294935,1577.2924721940426,62.32640391644103,1.6185380415702946,249.96143946497818,274.4204076170576,OW,2023-03-18,02:21:42
